"path"	"bytes"	"sha256"
".gitignore"	"40"	"2bb4ca7320867384c7e09195017c9fc5764053dbaf88fc8e95a9b5e1aaef20d1"
"CITATION.cff"	"319"	"f67c95dd78330276e648a4b67da10704240e9fdaf3e794d005d722113d53a336"
"figure_data/sib/README.md"	"726"	"594dbfea2f36e9c20816001a494d0d40ff39e9ce6b3a02916b810a37197f8436"
"figure_data/sib/sib_diffusion_application_metrics.csv"	"488"	"6465afda46771176ecdbb478e6cdbc74e2c292e4280b56d83981989f21bededb"
"figure_data/sib/sib_diffusion_equation_assessment.json"	"4047"	"4aa5e7ba5e0a134132ef007f4ca8a2ad0ecf3702d447b5edf67cdd38febcb9d5"
"figure_data/sib/sib_diffusion_equation_assessment.md"	"476"	"7ca87bf4139b2206648a284337da8ae7c2915ba2e75b15e54bab56c01685fc13"
"figure_data/soc_eis_b11/README.md"	"666"	"8dcb98a76e0a748bc2d54753ae6dd235db2a074c7341b2ff93252ca1d23a4292"
"figure_data/soc_eis_b11/soc_eis_b11_soc_metrics.csv"	"595"	"4e1c4c01e878a1aba0402bc046434fd3ad79fd32233d8148e01bc249b4c80754"
"figure_data/soc_eis_b11/soc_eis_b11_soc_predictions.csv"	"7778"	"9ef7a3a80fb0778700fe209b4f1facb381f61b5d63c26eb7084da3020f880567"
"figure_data/soc_eis_b11/soc_eis_b11_summary.json"	"4146"	"5adcd92322d66af7d9e472a26b11b61255957636b2a053b01c7e16719c8961d5"
"LICENSES.md"	"1123"	"ef137cdf05f1a56048dbba12b0a2570b8d23ec9dfb24d6eb5340315dfe1b2030"
"README.md"	"2319"	"de5639b6d171b10bb184bca610b99201c901b7de6add51ff400d5f5be88dba86"
"sib_diffusion/README.md"	"765"	"69dfc9e19df4463ee1482bc9fb5bc4b1a35efe6ac7136cc5dfedd27ac793b85c"
"sib_diffusion/sib_diffusion_raw_field_noise0.03.npz"	"2365659"	"bbf55a022d4035cbf22a90c83f7ffa5141c4c6826294db9c512e4126b6541298"
"soc_eis/B01/Capacity measurements/2023-5-16-12-17-17-EBD-A20H-1-1_BATT1.csv"	"165564"	"77940d993b3ced17695352aaaef4e312dd1e1276ce422141b7c89a35b76aba5c"
"soc_eis/B01/Capacity measurements/2023-5-16-12-19-14-EBD-A20H_BATT1.bmp"	"1284542"	"578a2b3dee47d0759c24c5cc50321038d1a492d7a790a04507538f068c211a29"
"soc_eis/B01/EIS measurements/Test_1/Hioki/Hk_IFR14500_SoC_10_04-07-2023_04-04.csv"	"1202"	"9468bb865c32fa32befac9a135e5191dafe46893b9262c25af67faca0ba07b07"
"soc_eis/B01/EIS measurements/Test_1/Hioki/Hk_IFR14500_SoC_100_03-07-2023_11-46.csv"	"1197"	"31290f1198987f18cfb58adadd03f758b25f5922ebdf87dfc22170d62186185e"
"soc_eis/B01/EIS measurements/Test_1/Hioki/Hk_IFR14500_SoC_15_04-07-2023_03-16.csv"	"1202"	"62611dc4bc20aa7e22049726e02ac0c71a913e4d1ba1c50042ae93b5d1cfe4cc"
"soc_eis/B01/EIS measurements/Test_1/Hioki/Hk_IFR14500_SoC_20_04-07-2023_02-15.csv"	"1202"	"3eae2138dd71a718b6cf86e1680404cc8387dd89d1426b85b0de212894335ecb"
"soc_eis/B01/EIS measurements/Test_1/Hioki/Hk_IFR14500_SoC_25_04-07-2023_01-27.csv"	"1202"	"3bab2e540a6e147d1a7fc8bd7195d3a8eca48499464db7cb58f8132e8c432181"
"soc_eis/B01/EIS measurements/Test_1/Hioki/Hk_IFR14500_SoC_30_04-07-2023_00-26.csv"	"1198"	"0941c46d8e907227893dd69cf2b1753737adf0186a865ecba9f699f02d80308d"
"soc_eis/B01/EIS measurements/Test_1/Hioki/Hk_IFR14500_SoC_35_03-07-2023_23-38.csv"	"1207"	"369bcaa71d96d8b0ed5985f90c7c6dfa71c1c18d173b4f0ad8bfccfe7a11155f"
"soc_eis/B01/EIS measurements/Test_1/Hioki/Hk_IFR14500_SoC_40_03-07-2023_22-38.csv"	"1201"	"7f0994ea3b7eec9dc5a77ddc5738d41b837def2d540cb1ffcdf4ae6844e806e0"
"soc_eis/B01/EIS measurements/Test_1/Hioki/Hk_IFR14500_SoC_45_03-07-2023_21-50.csv"	"1203"	"76d57a8e39a1fb4bb0feed02c6180a7bbd9d8e95e3bf76de8c09d43bb2d08fde"
"soc_eis/B01/EIS measurements/Test_1/Hioki/Hk_IFR14500_SoC_5_04-07-2023_05-13.csv"	"1200"	"f2318c40ed3002da3e4ab64d10b249f6e5bb92ec62a4cc3b7d1ffade624bfcfb"
"soc_eis/B01/EIS measurements/Test_1/Hioki/Hk_IFR14500_SoC_50_03-07-2023_20-49.csv"	"1203"	"c9572b76d1482d7cb1743fcc789dbfa76fedf328efe4356b199bd73d395a2d2b"
"soc_eis/B01/EIS measurements/Test_1/Hioki/Hk_IFR14500_SoC_55_03-07-2023_20-01.csv"	"1209"	"d510a744186fa49457a3e36c420d86fbff5c4265daa66cd36e8c9d80f88cbf62"
"soc_eis/B01/EIS measurements/Test_1/Hioki/Hk_IFR14500_SoC_60_03-07-2023_19-00.csv"	"1202"	"f53bb6a1ad42b0d5296f39003ef9cd76d3c868ca96dd4216264f965c6d843c00"
"soc_eis/B01/EIS measurements/Test_1/Hioki/Hk_IFR14500_SoC_65_03-07-2023_18-12.csv"	"1198"	"3acf2002d8a49891774e8ddf857eac02595b7fa138e5cf1eb5ad4c855021a877"
"soc_eis/B01/EIS measurements/Test_1/Hioki/Hk_IFR14500_SoC_70_03-07-2023_17-12.csv"	"1206"	"de8454d425d400f1c9bf71bf078c4e2fa685faf2c0afac20fb08278bbefa81e3"
"soc_eis/B01/EIS measurements/Test_1/Hioki/Hk_IFR14500_SoC_75_03-07-2023_16-24.csv"	"1206"	"cf377441d8ee726b5d9432c4de4219b3db800c13e9e8141a98fcd4f2d7153ddf"
"soc_eis/B01/EIS measurements/Test_1/Hioki/Hk_IFR14500_SoC_80_03-07-2023_15-23.csv"	"1205"	"b50cb0f51bfc5e61a9187381b0966ab30ed4a4e915b8db1974f05c8ee8b9a1bb"
"soc_eis/B01/EIS measurements/Test_1/Hioki/Hk_IFR14500_SoC_85_03-07-2023_14-35.csv"	"1209"	"a8796bb3ba254ceb2d6fb9eaf43eb8df613ecaa0162b6f98975545331f42b4b5"
"soc_eis/B01/EIS measurements/Test_1/Hioki/Hk_IFR14500_SoC_90_03-07-2023_13-35.csv"	"1211"	"808f4cd433b5bce130ce4ab209ba07d6cab2cc9772025b1953af4c9b9eb8a46b"
"soc_eis/B01/EIS measurements/Test_1/Hioki/Hk_IFR14500_SoC_95_03-07-2023_12-47.csv"	"1209"	"df2baf0ddba2bccb9b201f1c27ee7abbbac434790a1da4e4b7eb61d86ec0f44b"
"soc_eis/B01/EIS measurements/Test_2/Hioki/Hk_IFR14500_SoC_10_08-06-2023_04-18.csv"	"1198"	"a3465018065a9e3ceebbdb3d192045e563d6cead7dabd7365f509649a3edd648"
"soc_eis/B01/EIS measurements/Test_2/Hioki/Hk_IFR14500_SoC_100_07-06-2023_12-00.csv"	"1199"	"ba527cdcbdb07933964f0a3d902de68772b24b60c2742fbf977e8b66fe174a66"
"soc_eis/B01/EIS measurements/Test_2/Hioki/Hk_IFR14500_SoC_15_08-06-2023_03-30.csv"	"1199"	"13730a4d764f7d080a264ef98c59a9de6b62f2ea2e6794212ffbb43bd10c0940"
"soc_eis/B01/EIS measurements/Test_2/Hioki/Hk_IFR14500_SoC_20_08-06-2023_02-30.csv"	"1200"	"98d50f18dc60cbc387ae4c90ab4f95ba6302064799b6b0d7b7a67a7ff25030e3"
"soc_eis/B01/EIS measurements/Test_2/Hioki/Hk_IFR14500_SoC_25_08-06-2023_01-42.csv"	"1199"	"b73d772bef11aaa3b2697ffe28c7a53af9f97ed2006b9888d9ea1c7fcdc176de"
"soc_eis/B01/EIS measurements/Test_2/Hioki/Hk_IFR14500_SoC_30_08-06-2023_00-41.csv"	"1203"	"ac1ce9a3dcbc685f3614630d4ca0c18970d2f0ae692140a46f610cfabc515c1c"
"soc_eis/B01/EIS measurements/Test_2/Hioki/Hk_IFR14500_SoC_35_07-06-2023_23-53.csv"	"1205"	"754640538db4894473a352d3798289fc92cb1abeeb3c3942745dee805e76cb4f"
"soc_eis/B01/EIS measurements/Test_2/Hioki/Hk_IFR14500_SoC_40_07-06-2023_22-52.csv"	"1204"	"97d9b3f58a6a7abd89b75c0bd0834122146481f02eb4d5631a3fd98c72bdc640"
"soc_eis/B01/EIS measurements/Test_2/Hioki/Hk_IFR14500_SoC_45_07-06-2023_22-04.csv"	"1204"	"9be0de4723f32c684fe81288a9d0571e117b135d875df9e66032fd970057f11b"
"soc_eis/B01/EIS measurements/Test_2/Hioki/Hk_IFR14500_SoC_5_08-06-2023_05-19.csv"	"1196"	"82391a3ced6dee9b18939432599c18820fb92e5be580615809fb874d85bfc625"
"soc_eis/B01/EIS measurements/Test_2/Hioki/Hk_IFR14500_SoC_50_07-06-2023_21-04.csv"	"1200"	"1de7e9ccc44090f45142f19363551b2f3c9fa5cbb08396f7be3ae52c042d0a2e"
"soc_eis/B01/EIS measurements/Test_2/Hioki/Hk_IFR14500_SoC_55_07-06-2023_20-16.csv"	"1207"	"cf7f56047c4e26d3402abc9e2617341f5b4bb14e8387fdf10237ef36fcb2534f"
"soc_eis/B01/EIS measurements/Test_2/Hioki/Hk_IFR14500_SoC_60_07-06-2023_19-15.csv"	"1209"	"dc575b0e839f4963978fb2731cc559e2603411ad031845d30b1516459a55b53e"
"soc_eis/B01/EIS measurements/Test_2/Hioki/Hk_IFR14500_SoC_65_07-06-2023_18-27.csv"	"1202"	"e7323a2563b3d7af72bf25dcf3482bab21a79f6a060a1a11504570cc01179a15"
"soc_eis/B01/EIS measurements/Test_2/Hioki/Hk_IFR14500_SoC_70_07-06-2023_17-26.csv"	"1208"	"c56d0f815481aecb4cb75c119da6935f9a42d419315453c80f5631fc7f3922f3"
"soc_eis/B01/EIS measurements/Test_2/Hioki/Hk_IFR14500_SoC_75_07-06-2023_16-38.csv"	"1206"	"76c9e196dc88d908a95b0814de6b041b9205c627e58210c0379f694917551d79"
"soc_eis/B01/EIS measurements/Test_2/Hioki/Hk_IFR14500_SoC_80_07-06-2023_15-38.csv"	"1205"	"867f52651e62197efdb7d1ce6053f16135643e0fc2d99c064499a406744c13a2"
"soc_eis/B01/EIS measurements/Test_2/Hioki/Hk_IFR14500_SoC_85_07-06-2023_14-50.csv"	"1208"	"bc734627230935536f9978332b2a4a51bc8ae8093ff764894635db2a848fa6c9"
"soc_eis/B01/EIS measurements/Test_2/Hioki/Hk_IFR14500_SoC_90_07-06-2023_13-49.csv"	"1212"	"b42b73aa320570da7af9bee3d49e85cf98cfe7b453fe33868454cd1f6399e96d"
"soc_eis/B01/EIS measurements/Test_2/Hioki/Hk_IFR14500_SoC_95_07-06-2023_13-01.csv"	"1211"	"812e44fe1f3c946dd7f810b260f462afd49b30eff2a49ba81a655e0c24f95150"
"soc_eis/B02/Capacity measurements/2023-5-17-10-46-51-EBD-A20H-1-1_BATT2.csv"	"168354"	"cf79e240f59a6faa80eeab283d5af65accc08a67aecaf9382b4ede586bd249af"
"soc_eis/B02/Capacity measurements/2023-5-17-10-47-5-EBD-A20H_BATT2.bmp"	"1284542"	"92bce03b36c73659da72130550d63e8d9f501a9c495e55b76a7dc8de2c6c44cb"
"soc_eis/B02/EIS measurements/Test_1/Hioki/Hk_IFR14500_SoC_10_28-04-2023_09-15.csv"	"1202"	"106c07d637bc65268ac7b94e7466b6b680cc6595474a88e6d7ab46988abe9181"
"soc_eis/B02/EIS measurements/Test_1/Hioki/Hk_IFR14500_SoC_100_27-04-2023_16-57.csv"	"1187"	"14dcb54b73f9c0ed1991308e20deaa99895117df92e60ecba6df28f94ef9f3ae"
"soc_eis/B02/EIS measurements/Test_1/Hioki/Hk_IFR14500_SoC_15_28-04-2023_08-27.csv"	"1201"	"2ffe11cfd5f30ccde7b58053a508d65fdbffa76470a752e475cef31d94badce0"
"soc_eis/B02/EIS measurements/Test_1/Hioki/Hk_IFR14500_SoC_20_28-04-2023_07-26.csv"	"1204"	"d83fe3192994bdac8b7832d3cbef901aec0317485c07086d0d3e45c021a168d8"
"soc_eis/B02/EIS measurements/Test_1/Hioki/Hk_IFR14500_SoC_25_28-04-2023_06-38.csv"	"1205"	"b0bc921bb1f3a61c763984d14fced8b79a63584e1e927970a975de166b26147f"
"soc_eis/B02/EIS measurements/Test_1/Hioki/Hk_IFR14500_SoC_30_28-04-2023_05-38.csv"	"1203"	"ba13b957537182b4545168e66c92e3ff37c929356520ce4a4ef99d0c656db001"
"soc_eis/B02/EIS measurements/Test_1/Hioki/Hk_IFR14500_SoC_35_28-04-2023_04-50.csv"	"1203"	"d2406f505747f0290e02f913a20340f2a0e4bfa7eaaa2fd09019d5fda2360df6"
"soc_eis/B02/EIS measurements/Test_1/Hioki/Hk_IFR14500_SoC_40_28-04-2023_03-49.csv"	"1209"	"92c2425bc2baa238e96067150db8aa3796ea57fc05dd2f092862c0a3e4288b3a"
"soc_eis/B02/EIS measurements/Test_1/Hioki/Hk_IFR14500_SoC_45_28-04-2023_03-01.csv"	"1211"	"9256f81b6497db0224445a61a526175c4b73d818134e81e346a5937965126797"
"soc_eis/B02/EIS measurements/Test_1/Hioki/Hk_IFR14500_SoC_5_28-04-2023_10-16.csv"	"1198"	"512646da229e9a67609c945e9f26e17ea106cc740eb001b4152628f26a8b852e"
"soc_eis/B02/EIS measurements/Test_1/Hioki/Hk_IFR14500_SoC_50_28-04-2023_02-00.csv"	"1206"	"aaf66b775b0cb331fd1ed2a73abb9498960177a03a4d50b4cc5d740e94e30beb"
"soc_eis/B02/EIS measurements/Test_1/Hioki/Hk_IFR14500_SoC_55_28-04-2023_01-12.csv"	"1203"	"f1692ee50ff87de0a22ca44610e227615390eaee2440c8cb130f4e6131e70b52"
"soc_eis/B02/EIS measurements/Test_1/Hioki/Hk_IFR14500_SoC_60_28-04-2023_00-12.csv"	"1208"	"d41bc57de4f3109108ebfa69c1579de540be69d52dc36e078bfbf7c9f916e886"
"soc_eis/B02/EIS measurements/Test_1/Hioki/Hk_IFR14500_SoC_65_27-04-2023_23-24.csv"	"1208"	"27252c27a9c476a92e4055e56e42b146fe11fc38fa64ee4ce3d34630de69833a"
"soc_eis/B02/EIS measurements/Test_1/Hioki/Hk_IFR14500_SoC_70_27-04-2023_22-23.csv"	"1209"	"2c13fe4124cb86f42664f88891c8179cd9ad47114a5bce34cd4463cc74085b7f"
"soc_eis/B02/EIS measurements/Test_1/Hioki/Hk_IFR14500_SoC_75_27-04-2023_21-35.csv"	"1209"	"9b006394a82f52d5a676fbf515475461bc51a02d3d269abe05db7bd20ec4a22f"
"soc_eis/B02/EIS measurements/Test_1/Hioki/Hk_IFR14500_SoC_80_27-04-2023_20-34.csv"	"1210"	"1fc3d3c63abd4a644eb93ae4dd17f69fdaf770eddfc8e837d82a69947f188adc"
"soc_eis/B02/EIS measurements/Test_1/Hioki/Hk_IFR14500_SoC_85_27-04-2023_19-46.csv"	"1208"	"b42975d6d50c4179738b6c32c5efcf52a3b0fb2ec2c803988fd3659f7e53a558"
"soc_eis/B02/EIS measurements/Test_1/Hioki/Hk_IFR14500_SoC_90_27-04-2023_18-46.csv"	"1207"	"3eef737a83b02361bcae825478c5f39256247bfeec6c7c92f0117dfff341a57d"
"soc_eis/B02/EIS measurements/Test_1/Hioki/Hk_IFR14500_SoC_95_27-04-2023_17-58.csv"	"1208"	"b39dbaa24963c5b286de801bcb6dfc717cfe221609666857691f4b6425051b8a"
"soc_eis/B02/EIS measurements/Test_2/Hioki/Hk_IFR14500_SoC_10_29-06-2023_07-18.csv"	"1202"	"20a528dfb6b5376219b114f8cfca3ddc256343fa4955b168e6deb70f9ca017ff"
"soc_eis/B02/EIS measurements/Test_2/Hioki/Hk_IFR14500_SoC_100_28-06-2023_15-00.csv"	"1192"	"8bfa26561c9ab83cb17aa75e4bdae6c3cb3948bccfe12192b2db92f055087ba8"
"soc_eis/B02/EIS measurements/Test_2/Hioki/Hk_IFR14500_SoC_15_29-06-2023_06-30.csv"	"1207"	"307c397959d66befa1b30195aaa44672e7b49ff70e4a11c2ff66b6f23460995a"
"soc_eis/B02/EIS measurements/Test_2/Hioki/Hk_IFR14500_SoC_20_29-06-2023_05-30.csv"	"1206"	"02ccec847189a66a0f05977197c6ef1483178b85bcf9c425bca351c7be75524a"
"soc_eis/B02/EIS measurements/Test_2/Hioki/Hk_IFR14500_SoC_25_29-06-2023_04-42.csv"	"1206"	"05e1d04553668df5fc48ac046ee2bf7a54b56e34778c4267cb9cdc877caf16f6"
"soc_eis/B02/EIS measurements/Test_2/Hioki/Hk_IFR14500_SoC_30_29-06-2023_03-41.csv"	"1206"	"abdf5cb982fcd44373e23a100be85978292c294e918a4c78b5ad7bcff9399d24"
"soc_eis/B02/EIS measurements/Test_2/Hioki/Hk_IFR14500_SoC_35_29-06-2023_02-53.csv"	"1211"	"6d9020ac027027c763f7f45ea4c3be61f55f6425c9045dc19ac89189e10eb874"
"soc_eis/B02/EIS measurements/Test_2/Hioki/Hk_IFR14500_SoC_40_29-06-2023_01-52.csv"	"1204"	"2c50a438e2c3ed11b1b38334dcb10282532e83f06793aac772d228ab5c796460"
"soc_eis/B02/EIS measurements/Test_2/Hioki/Hk_IFR14500_SoC_45_29-06-2023_01-04.csv"	"1209"	"a459b704496bd4a014c908269ff2f929d3afb65821b75144499fb581167b3036"
"soc_eis/B02/EIS measurements/Test_2/Hioki/Hk_IFR14500_SoC_5_29-06-2023_08-19.csv"	"1199"	"b5f6f29653de64f895d99d5ba6509389b994e6377eb6c7f1fa59f5d66aa5c607"
"soc_eis/B02/EIS measurements/Test_2/Hioki/Hk_IFR14500_SoC_50_29-06-2023_00-04.csv"	"1206"	"b4ef2a61964e24e451e06a105b799d245e029bbf106bae66598aa6ba6424d2ef"
"soc_eis/B02/EIS measurements/Test_2/Hioki/Hk_IFR14500_SoC_55_28-06-2023_23-15.csv"	"1203"	"e8118b03d64bb1474dcd8c228f39b203285896cb7a687c5da25423559b998f6f"
"soc_eis/B02/EIS measurements/Test_2/Hioki/Hk_IFR14500_SoC_60_28-06-2023_22-15.csv"	"1211"	"bcf6e7d438b4d09ce88e0a134e4cae51e90ceccc173a5b3441c9d27306164dd8"
"soc_eis/B02/EIS measurements/Test_2/Hioki/Hk_IFR14500_SoC_65_28-06-2023_21-27.csv"	"1210"	"dcecd8d43a13d3aaf93e7450c2de762df562687cd20c90cccc828f3f7a7ef066"
"soc_eis/B02/EIS measurements/Test_2/Hioki/Hk_IFR14500_SoC_70_28-06-2023_20-26.csv"	"1207"	"d4037c8ea4a85a9834ba10fd195378899631587bd5f12fff2d7facc875b2a9c5"
"soc_eis/B02/EIS measurements/Test_2/Hioki/Hk_IFR14500_SoC_75_28-06-2023_19-38.csv"	"1214"	"15a8fadd551307e488a087cb439f08708eef5458e2eba1d8bebb959a4ff6aae3"
"soc_eis/B02/EIS measurements/Test_2/Hioki/Hk_IFR14500_SoC_80_28-06-2023_18-37.csv"	"1202"	"c62b12935a5a99c96cb22bed32bc6a174c7d60c8165002f320d7a7e47182eb4d"
"soc_eis/B02/EIS measurements/Test_2/Hioki/Hk_IFR14500_SoC_85_28-06-2023_17-49.csv"	"1212"	"c390f5ec6f77994a18549585949a0eb8e7fc57db70c95014be1e95986a9c232e"
"soc_eis/B02/EIS measurements/Test_2/Hioki/Hk_IFR14500_SoC_90_28-06-2023_16-49.csv"	"1209"	"9ae17e173919e20b7ec012c0aa1b95a2a906f4d8eb1a93074a3245d72b3f9b20"
"soc_eis/B02/EIS measurements/Test_2/Hioki/Hk_IFR14500_SoC_95_28-06-2023_16-01.csv"	"1205"	"f03b598a41683e69fcdc44149d1ac782c7303dfa39ed309be60d5289b4d3c771"
"soc_eis/B03/Capacity measurements/2023-5-17-16-12-38-EBD-A20H-1-1_BATT3.csv"	"166716"	"4ae4a190ec6f5ef77dee3a078f9ff354b51dae2bc00e7cc6fa279a1484784c4f"
"soc_eis/B03/Capacity measurements/2023-5-17-16-12-54-EBD-A20H_BATT3.bmp"	"1284542"	"1a3411a3850bf9623036978f012af5e23f4c1f200ad8240cc6f2873a6abb4b43"
"soc_eis/B03/EIS measurements/Test_1/Hioki/Hk_IFR14500_SoC_10_06-07-2023_07-27.csv"	"1191"	"587045405e0b29f012d056d09b402e40c512631179f051b36eb1ba0cdf10a338"
"soc_eis/B03/EIS measurements/Test_1/Hioki/Hk_IFR14500_SoC_100_05-07-2023_15-09.csv"	"1199"	"50ce24ac2c05ab62045197dd431d8d2e2c877d551844f34c629288a6b7f74966"
"soc_eis/B03/EIS measurements/Test_1/Hioki/Hk_IFR14500_SoC_15_06-07-2023_06-39.csv"	"1198"	"db5c999695dcfcad677034735fa41af762242c1722c4ac8730fc6a47d8222279"
"soc_eis/B03/EIS measurements/Test_1/Hioki/Hk_IFR14500_SoC_20_06-07-2023_05-38.csv"	"1193"	"c1cd32d011be35d3edc7eb96d5c2277bf23c21edb092eed47e99d58d609cbd5c"
"soc_eis/B03/EIS measurements/Test_1/Hioki/Hk_IFR14500_SoC_25_06-07-2023_04-50.csv"	"1196"	"48d2ed4eccdbaa12604e7ef723f84392e09d5c2c869ad75339104d19bfdafc71"
"soc_eis/B03/EIS measurements/Test_1/Hioki/Hk_IFR14500_SoC_30_06-07-2023_03-50.csv"	"1198"	"156fd9396ae7709a231c9b3606ccb3e9ce239da1c24d285daae53b7cf42035be"
"soc_eis/B03/EIS measurements/Test_1/Hioki/Hk_IFR14500_SoC_35_06-07-2023_03-02.csv"	"1199"	"fdaf7ac4c5f1611d7cb8fe152841a548ec1302b71d883d385cb83212d44d6f55"
"soc_eis/B03/EIS measurements/Test_1/Hioki/Hk_IFR14500_SoC_40_06-07-2023_02-01.csv"	"1206"	"210a0e9c60cf0890b69b8ce344bb02aa88277abfc7752f96f7d011c6db8fd645"
"soc_eis/B03/EIS measurements/Test_1/Hioki/Hk_IFR14500_SoC_45_06-07-2023_01-13.csv"	"1205"	"1f065500a624e6ad947f18efee8560bb5a435d33ace36d65e884d41f01c91d10"
"soc_eis/B03/EIS measurements/Test_1/Hioki/Hk_IFR14500_SoC_5_06-07-2023_08-28.csv"	"1193"	"5262ab1cb3e9bbb33a3b5b9bbed2b3463457824e0820391aac3b648c2af66803"
"soc_eis/B03/EIS measurements/Test_1/Hioki/Hk_IFR14500_SoC_50_06-07-2023_00-12.csv"	"1205"	"eae7e5fca02231c53c023b9f1caa7f22ca3eae3b1a7c1abf596c42bc4693e618"
"soc_eis/B03/EIS measurements/Test_1/Hioki/Hk_IFR14500_SoC_55_05-07-2023_23-24.csv"	"1202"	"a8fcf5ffda9cf613eeb514a06ad3b680f687145a861e6995f60a8da4bfa5d900"
"soc_eis/B03/EIS measurements/Test_1/Hioki/Hk_IFR14500_SoC_60_05-07-2023_22-24.csv"	"1199"	"419dc1b555029cc9a548abbf6665f2b3cf9c7bf93db1b806333f6ca7eb8eafd8"
"soc_eis/B03/EIS measurements/Test_1/Hioki/Hk_IFR14500_SoC_65_05-07-2023_21-36.csv"	"1200"	"6f5d4e4e4dae30a9f43b66bc1e56edba940ce800ae2ac324e87f0e9df29707cd"
"soc_eis/B03/EIS measurements/Test_1/Hioki/Hk_IFR14500_SoC_70_05-07-2023_20-35.csv"	"1205"	"202c0cc317b04e8016c59283f409d0f12321e4c4a17459f5ad83606935932512"
"soc_eis/B03/EIS measurements/Test_1/Hioki/Hk_IFR14500_SoC_75_05-07-2023_19-47.csv"	"1201"	"756b378528a8c4b17791f684a15b81de14ba2669bffa74c97bb8f983f874347c"
"soc_eis/B03/EIS measurements/Test_1/Hioki/Hk_IFR14500_SoC_80_05-07-2023_18-46.csv"	"1203"	"dcadc6a63375ad93f44ad83f62948d3bc397dd3db0110b97876573ab058bd50e"
"soc_eis/B03/EIS measurements/Test_1/Hioki/Hk_IFR14500_SoC_85_05-07-2023_17-58.csv"	"1208"	"05a0b1d3e489f87b024ae672494dd13c644f823b7c5fb9a521d72c0d7ccf723d"
"soc_eis/B03/EIS measurements/Test_1/Hioki/Hk_IFR14500_SoC_90_05-07-2023_16-58.csv"	"1203"	"a45b94cdf16ba28d0eb2e1bbd177fc2aaf37fbfd7b706ed76bcad08249ef70ce"
"soc_eis/B03/EIS measurements/Test_1/Hioki/Hk_IFR14500_SoC_95_05-07-2023_16-10.csv"	"1206"	"1148d38a5297f2234cea72eeb6db398b1c5595c64c1340ed88d050d5d42b2bb8"
"soc_eis/B03/EIS measurements/Test_2/Hioki/Hk_IFR14500_SoC_10_09-06-2023_10-36.csv"	"1201"	"67fe6d20643ae5030da1447fc1b0ef4d519ef2565f75bf7e07d9dc4ff0fd4843"
"soc_eis/B03/EIS measurements/Test_2/Hioki/Hk_IFR14500_SoC_100_08-06-2023_18-18.csv"	"1196"	"422480848166662ee5fea98e6e2ec021edc40a91169488e5ceca18ac95c421a8"
"soc_eis/B03/EIS measurements/Test_2/Hioki/Hk_IFR14500_SoC_15_09-06-2023_09-48.csv"	"1189"	"f80c9feb01f8938ab41f7a824ae8ad4651325a4793622882ebf8eb5b913b2ba4"
"soc_eis/B03/EIS measurements/Test_2/Hioki/Hk_IFR14500_SoC_20_09-06-2023_08-48.csv"	"1201"	"eecaf4f91a7ae560660f477dcdb06a4bd79be33e744c265c732e52326fe48dd2"
"soc_eis/B03/EIS measurements/Test_2/Hioki/Hk_IFR14500_SoC_25_09-06-2023_08-00.csv"	"1198"	"4462682af0454165ebf0f01092b4483ca1897559e449bd200625b80d6f374f95"
"soc_eis/B03/EIS measurements/Test_2/Hioki/Hk_IFR14500_SoC_30_09-06-2023_06-59.csv"	"1195"	"9d69d9e8b1543b12d00d057074561b6418332bd94b1fa7874c7f7311d72529bf"
"soc_eis/B03/EIS measurements/Test_2/Hioki/Hk_IFR14500_SoC_35_09-06-2023_06-11.csv"	"1198"	"85f0bad0e3f7f2f59bc203a84d3f28de02eb0e093e74226c20b4152dafbd199b"
"soc_eis/B03/EIS measurements/Test_2/Hioki/Hk_IFR14500_SoC_40_09-06-2023_05-10.csv"	"1200"	"ff33fa2ad35b1c2b3ff4375839380afba651891ec747c57bf984abab17a1a626"
"soc_eis/B03/EIS measurements/Test_2/Hioki/Hk_IFR14500_SoC_45_09-06-2023_04-22.csv"	"1193"	"1a4b166ccf852d9794c66866b22377854da93b443c470fb566f1397bc38f02e2"
"soc_eis/B03/EIS measurements/Test_2/Hioki/Hk_IFR14500_SoC_5_09-06-2023_11-37.csv"	"1195"	"e95b00e5d361f5c24b0a093b120fa5387ee3bf63bb4e09921aba62c3c934c8be"
"soc_eis/B03/EIS measurements/Test_2/Hioki/Hk_IFR14500_SoC_50_09-06-2023_03-22.csv"	"1199"	"8fd6056b56ed23d53c53fb7ef1ff44d46053db2db60c0d3385a36bdc5e423c87"
"soc_eis/B03/EIS measurements/Test_2/Hioki/Hk_IFR14500_SoC_55_09-06-2023_02-34.csv"	"1201"	"cef7cd5bcee17969c45ed4658ea0cd329427a858d368e9729244454b77e01325"
"soc_eis/B03/EIS measurements/Test_2/Hioki/Hk_IFR14500_SoC_60_09-06-2023_01-33.csv"	"1196"	"24f2cfe61545b457d61774dd5dac7b97f4dc0827a8f9e2173f626f9cd8d8664b"
"soc_eis/B03/EIS measurements/Test_2/Hioki/Hk_IFR14500_SoC_65_09-06-2023_00-45.csv"	"1196"	"dfcc8b09b99d8e38d257708b8ddf2d31fdd98ffdba3039a30180efd3b8fead44"
"soc_eis/B03/EIS measurements/Test_2/Hioki/Hk_IFR14500_SoC_70_08-06-2023_23-44.csv"	"1188"	"b8cb5a7ec49b395382333aaa389f31f023b3f7dd954945026b58db80d5a5e675"
"soc_eis/B03/EIS measurements/Test_2/Hioki/Hk_IFR14500_SoC_75_08-06-2023_22-56.csv"	"1201"	"b9d2a6517608eddcde5db64bba214f8bac020502f1a2af1b31e7232ea1af9ffe"
"soc_eis/B03/EIS measurements/Test_2/Hioki/Hk_IFR14500_SoC_80_08-06-2023_21-56.csv"	"1198"	"fb802831641953dcce25db46f04d4038d72600b0154603f753fc24822e8d3c98"
"soc_eis/B03/EIS measurements/Test_2/Hioki/Hk_IFR14500_SoC_85_08-06-2023_21-08.csv"	"1196"	"532afd1fea105fc9b0c59f32b6c63434aadbdb5f7f31bc3b0a588e1235884513"
"soc_eis/B03/EIS measurements/Test_2/Hioki/Hk_IFR14500_SoC_90_08-06-2023_20-07.csv"	"1208"	"75b0e8e377c7bd123d24fb707a37cba43953d09193e7967319f54d018b052cd3"
"soc_eis/B03/EIS measurements/Test_2/Hioki/Hk_IFR14500_SoC_95_08-06-2023_19-19.csv"	"1193"	"61c80c95187b53921e49aa018c586ae55a693531010d82251f701e3d14896071"
"soc_eis/B04/Capacity measurements/2023-5-18-10-56-42-EBD-A20H-1-1_BATT4.csv"	"169740"	"dc59e91e0c4386717eb3f8bbfc3995a5c206898053c14d6cae00c0397709cfe8"
"soc_eis/B04/Capacity measurements/2023-5-18-10-57-48-EBD-A20H_BATT4.bmp"	"1284542"	"3d43b8ba900289c02d9748fe7ad1cbfb7dcd61c1e6507e6e0737631471fb52d3"
"soc_eis/B04/EIS measurements/Test_1/Hioki/Hk_IFR14500_SoC_10_08-06-2023_04-18.csv"	"1198"	"a3465018065a9e3ceebbdb3d192045e563d6cead7dabd7365f509649a3edd648"
"soc_eis/B04/EIS measurements/Test_1/Hioki/Hk_IFR14500_SoC_100_07-06-2023_12-00.csv"	"1199"	"ba527cdcbdb07933964f0a3d902de68772b24b60c2742fbf977e8b66fe174a66"
"soc_eis/B04/EIS measurements/Test_1/Hioki/Hk_IFR14500_SoC_15_08-06-2023_03-30.csv"	"1199"	"13730a4d764f7d080a264ef98c59a9de6b62f2ea2e6794212ffbb43bd10c0940"
"soc_eis/B04/EIS measurements/Test_1/Hioki/Hk_IFR14500_SoC_20_08-06-2023_02-30.csv"	"1200"	"98d50f18dc60cbc387ae4c90ab4f95ba6302064799b6b0d7b7a67a7ff25030e3"
"soc_eis/B04/EIS measurements/Test_1/Hioki/Hk_IFR14500_SoC_25_08-06-2023_01-42.csv"	"1199"	"b73d772bef11aaa3b2697ffe28c7a53af9f97ed2006b9888d9ea1c7fcdc176de"
"soc_eis/B04/EIS measurements/Test_1/Hioki/Hk_IFR14500_SoC_30_08-06-2023_00-41.csv"	"1203"	"ac1ce9a3dcbc685f3614630d4ca0c18970d2f0ae692140a46f610cfabc515c1c"
"soc_eis/B04/EIS measurements/Test_1/Hioki/Hk_IFR14500_SoC_35_07-06-2023_23-53.csv"	"1205"	"754640538db4894473a352d3798289fc92cb1abeeb3c3942745dee805e76cb4f"
"soc_eis/B04/EIS measurements/Test_1/Hioki/Hk_IFR14500_SoC_40_07-06-2023_22-52.csv"	"1204"	"97d9b3f58a6a7abd89b75c0bd0834122146481f02eb4d5631a3fd98c72bdc640"
"soc_eis/B04/EIS measurements/Test_1/Hioki/Hk_IFR14500_SoC_45_07-06-2023_22-04.csv"	"1204"	"9be0de4723f32c684fe81288a9d0571e117b135d875df9e66032fd970057f11b"
"soc_eis/B04/EIS measurements/Test_1/Hioki/Hk_IFR14500_SoC_5_08-06-2023_05-19.csv"	"1196"	"82391a3ced6dee9b18939432599c18820fb92e5be580615809fb874d85bfc625"
"soc_eis/B04/EIS measurements/Test_1/Hioki/Hk_IFR14500_SoC_50_07-06-2023_21-04.csv"	"1200"	"1de7e9ccc44090f45142f19363551b2f3c9fa5cbb08396f7be3ae52c042d0a2e"
"soc_eis/B04/EIS measurements/Test_1/Hioki/Hk_IFR14500_SoC_55_07-06-2023_20-16.csv"	"1207"	"cf7f56047c4e26d3402abc9e2617341f5b4bb14e8387fdf10237ef36fcb2534f"
"soc_eis/B04/EIS measurements/Test_1/Hioki/Hk_IFR14500_SoC_60_07-06-2023_19-15.csv"	"1209"	"dc575b0e839f4963978fb2731cc559e2603411ad031845d30b1516459a55b53e"
"soc_eis/B04/EIS measurements/Test_1/Hioki/Hk_IFR14500_SoC_65_07-06-2023_18-27.csv"	"1202"	"e7323a2563b3d7af72bf25dcf3482bab21a79f6a060a1a11504570cc01179a15"
"soc_eis/B04/EIS measurements/Test_1/Hioki/Hk_IFR14500_SoC_70_07-06-2023_17-26.csv"	"1208"	"c56d0f815481aecb4cb75c119da6935f9a42d419315453c80f5631fc7f3922f3"
"soc_eis/B04/EIS measurements/Test_1/Hioki/Hk_IFR14500_SoC_75_07-06-2023_16-38.csv"	"1206"	"76c9e196dc88d908a95b0814de6b041b9205c627e58210c0379f694917551d79"
"soc_eis/B04/EIS measurements/Test_1/Hioki/Hk_IFR14500_SoC_80_07-06-2023_15-38.csv"	"1205"	"867f52651e62197efdb7d1ce6053f16135643e0fc2d99c064499a406744c13a2"
"soc_eis/B04/EIS measurements/Test_1/Hioki/Hk_IFR14500_SoC_85_07-06-2023_14-50.csv"	"1208"	"bc734627230935536f9978332b2a4a51bc8ae8093ff764894635db2a848fa6c9"
"soc_eis/B04/EIS measurements/Test_1/Hioki/Hk_IFR14500_SoC_90_07-06-2023_13-49.csv"	"1212"	"b42b73aa320570da7af9bee3d49e85cf98cfe7b453fe33868454cd1f6399e96d"
"soc_eis/B04/EIS measurements/Test_1/Hioki/Hk_IFR14500_SoC_95_07-06-2023_13-01.csv"	"1211"	"812e44fe1f3c946dd7f810b260f462afd49b30eff2a49ba81a655e0c24f95150"
"soc_eis/B04/EIS measurements/Test_2/Hioki/Hk_IFR14500_SoC_10_10-06-2023_05-04.csv"	"1201"	"5abce98d5eaededfd6c176297820651a75e1219f96fd0a92983866431ba36a1c"
"soc_eis/B04/EIS measurements/Test_2/Hioki/Hk_IFR14500_SoC_100_09-06-2023_12-46.csv"	"1198"	"8c6744aff5a7b722820c6744212c6c0aa3b3fa33d0d4a0ef7fecfc4ab5ab4cfc"
"soc_eis/B04/EIS measurements/Test_2/Hioki/Hk_IFR14500_SoC_15_10-06-2023_04-16.csv"	"1205"	"85513bc73e400cb2cfb4c06a25deeab9a155c51fb9b9a1cb70eb7a108abc480d"
"soc_eis/B04/EIS measurements/Test_2/Hioki/Hk_IFR14500_SoC_20_10-06-2023_03-16.csv"	"1205"	"8d0be705245389ef7992ede8fe6a5319e43d973de0c64073556383a422cccb81"
"soc_eis/B04/EIS measurements/Test_2/Hioki/Hk_IFR14500_SoC_25_10-06-2023_02-27.csv"	"1210"	"385043944215541b1423e89c1c8012be76b8103792ec4ada0d6635b223ee0a53"
"soc_eis/B04/EIS measurements/Test_2/Hioki/Hk_IFR14500_SoC_30_10-06-2023_01-27.csv"	"1202"	"baab02d942521e4d839f918dba8cd1cdffdb4f9eb05629675c2ca78f744d9e6b"
"soc_eis/B04/EIS measurements/Test_2/Hioki/Hk_IFR14500_SoC_35_10-06-2023_00-39.csv"	"1208"	"57b77acd611403d5fac5b145429ec8cfb1cadebe7407703d41c05ac1f0a23df1"
"soc_eis/B04/EIS measurements/Test_2/Hioki/Hk_IFR14500_SoC_40_09-06-2023_23-38.csv"	"1205"	"d2732a4d26d3e1b616981e4f9095a447fe626307314aee1e335fe4a90af5e560"
"soc_eis/B04/EIS measurements/Test_2/Hioki/Hk_IFR14500_SoC_45_09-06-2023_22-50.csv"	"1214"	"7d9d22b7e924f1d461618e042eb765488c2801438b881c0f344fe6568e841a84"
"soc_eis/B04/EIS measurements/Test_2/Hioki/Hk_IFR14500_SoC_5_10-06-2023_06-05.csv"	"1195"	"97877bb8fb562f6191bcbe898eff049a92ecde78e806fd20cac134ebc074af89"
"soc_eis/B04/EIS measurements/Test_2/Hioki/Hk_IFR14500_SoC_50_09-06-2023_21-49.csv"	"1209"	"95429e229fbc26b73aa09069913661a5291343b067ebbee5bcb0fd814145504c"
"soc_eis/B04/EIS measurements/Test_2/Hioki/Hk_IFR14500_SoC_55_09-06-2023_21-01.csv"	"1203"	"1ccab42a3ae6bcf00bb0acff16ff67f0d83d6b63c4702948196127835e3f650c"
"soc_eis/B04/EIS measurements/Test_2/Hioki/Hk_IFR14500_SoC_60_09-06-2023_20-01.csv"	"1211"	"a9e21fe8ebeab778f2573ab48019a718b3821b402d43c101c251ce433a4cc162"
"soc_eis/B04/EIS measurements/Test_2/Hioki/Hk_IFR14500_SoC_65_09-06-2023_19-13.csv"	"1195"	"1aeddae87c0694cbefbb042770d644418d10c494a0d06e94c7bd997842066272"
"soc_eis/B04/EIS measurements/Test_2/Hioki/Hk_IFR14500_SoC_70_09-06-2023_18-12.csv"	"1213"	"14eb7bb186ad7a99a1b662cebf68653ec4d89237b63a31cd83531213084dc1d0"
"soc_eis/B04/EIS measurements/Test_2/Hioki/Hk_IFR14500_SoC_75_09-06-2023_17-24.csv"	"1205"	"06565e79693ea78adb101d4c8388443aaed3cd50d0dc709eb50c0bc6aada2174"
"soc_eis/B04/EIS measurements/Test_2/Hioki/Hk_IFR14500_SoC_80_09-06-2023_16-23.csv"	"1214"	"08f937a5f638cb590f3e4d56cd57fe9b662e3832ca20ffc07a44bd6dda8c92f0"
"soc_eis/B04/EIS measurements/Test_2/Hioki/Hk_IFR14500_SoC_85_09-06-2023_15-35.csv"	"1203"	"bf1cafb09744f87f02ec5b84bca39649bcc65b8d6d315ba614bbae7c17b04f72"
"soc_eis/B04/EIS measurements/Test_2/Hioki/Hk_IFR14500_SoC_90_09-06-2023_14-35.csv"	"1216"	"eb685c9ac4a8edb7a32d485f9afcb5f8b2434ff0a1cf17eda1ed6d7af32e7851"
"soc_eis/B04/EIS measurements/Test_2/Hioki/Hk_IFR14500_SoC_95_09-06-2023_13-47.csv"	"1211"	"391969a845c85415dcbb861b0909aa895060ddc4ac727902d32603a2aef22caa"
"soc_eis/B05/Capacity measurements/2023-2-21-9-15-21-EBD-A20H-1-1_BATT5.csv"	"179226"	"7e41e3a701dd263c3ac1e6867dda785fe33a6c0da54d36cc6c1140ebcb11fb2b"
"soc_eis/B05/Capacity measurements/2023-2-21-9-15-43-EBD-A20H_BATT5.bmp"	"1168182"	"98c42873309562f2b71d0bad3deb4218b5367efe2a897f772248292683238663"
"soc_eis/B05/EIS measurements/Test_1/Hioki/Hk_IFR14500_SoC_10_02-03-2023_05-41.csv"	"1197"	"68d7d9f65de10d95f546a728f679565dd948547b1132292d09e6664ad72eed8f"
"soc_eis/B05/EIS measurements/Test_1/Hioki/Hk_IFR14500_SoC_100_01-03-2023_13-24.csv"	"1194"	"81d9b9c773d0b68126b0791be7e2d6e75a0463bbf0374e245af1b2c6b08342bc"
"soc_eis/B05/EIS measurements/Test_1/Hioki/Hk_IFR14500_SoC_15_02-03-2023_04-41.csv"	"1203"	"5a075630b8a5bb01466d4552da613e98314688fd3d175191771a266f9a0e235b"
"soc_eis/B05/EIS measurements/Test_1/Hioki/Hk_IFR14500_SoC_20_02-03-2023_03-53.csv"	"1204"	"c2d6e4bc12d89fdc4e05f81d439fcd701c8a44adc3565952343a75cee41127d1"
"soc_eis/B05/EIS measurements/Test_1/Hioki/Hk_IFR14500_SoC_25_02-03-2023_02-52.csv"	"1192"	"6e5d75b15641085e9daed13c425e4d1246a91a88504bcba604cbf398a5ec936a"
"soc_eis/B05/EIS measurements/Test_1/Hioki/Hk_IFR14500_SoC_30_02-03-2023_02-04.csv"	"1209"	"9191388163461078a3a29980a2a442b6591b96712ac6b24ae911c6bacb7f82d0"
"soc_eis/B05/EIS measurements/Test_1/Hioki/Hk_IFR14500_SoC_35_02-03-2023_01-04.csv"	"1208"	"82f0af6a8957a883e1ab58f89dd2e5618250993ad710ba2ff188052ece55a9ff"
"soc_eis/B05/EIS measurements/Test_1/Hioki/Hk_IFR14500_SoC_40_02-03-2023_00-16.csv"	"1201"	"579b47c74d59a74542ee001b0cc0350e7ffee5aa66db96ee85d4105ea92175be"
"soc_eis/B05/EIS measurements/Test_1/Hioki/Hk_IFR14500_SoC_45_01-03-2023_23-15.csv"	"1205"	"51e75524bfd1599b873561ee7e827e819d27c2f8ed3a3adc7ada11cd46688a72"
"soc_eis/B05/EIS measurements/Test_1/Hioki/Hk_IFR14500_SoC_5_02-03-2023_06-30.csv"	"1198"	"69c6dbdef36d8272cb86183b69105b01f93fea5d7cb88f129e225344b3adf7ed"
"soc_eis/B05/EIS measurements/Test_1/Hioki/Hk_IFR14500_SoC_50_01-03-2023_22-27.csv"	"1202"	"a8ab633ef7f4f03d4a27946ec69488e9945bdf0779bf05942a18bf432c408988"
"soc_eis/B05/EIS measurements/Test_1/Hioki/Hk_IFR14500_SoC_55_01-03-2023_21-26.csv"	"1211"	"62fc42c2a4f1d7a036b905637d47676a7ed8def72057cbee448b23af09f7243f"
"soc_eis/B05/EIS measurements/Test_1/Hioki/Hk_IFR14500_SoC_60_01-03-2023_20-38.csv"	"1210"	"847e665de5308d952b1049e2096d7c1a4103629d0016ba65bfcdb17922c3fd89"
"soc_eis/B05/EIS measurements/Test_1/Hioki/Hk_IFR14500_SoC_65_01-03-2023_19-38.csv"	"1211"	"f77b4cfaa6337b71bb60693375b4133c21d0d12e60a75ceb5d4f5db1943269bb"
"soc_eis/B05/EIS measurements/Test_1/Hioki/Hk_IFR14500_SoC_70_01-03-2023_18-50.csv"	"1211"	"228b20484daf18232bc24b6429a9dc0cce364d5e07e33c87fcecd0eda2ca59b8"
"soc_eis/B05/EIS measurements/Test_1/Hioki/Hk_IFR14500_SoC_75_01-03-2023_17-49.csv"	"1211"	"90dc515b4fa242aa39fe3e32d4addfdec30a12d99e5231b9e979a77f5527ed81"
"soc_eis/B05/EIS measurements/Test_1/Hioki/Hk_IFR14500_SoC_80_01-03-2023_17-01.csv"	"1208"	"8e46584f47f708a9ccd7fb5743f814f56989d86184e75cf61cd9b04694dba690"
"soc_eis/B05/EIS measurements/Test_1/Hioki/Hk_IFR14500_SoC_85_01-03-2023_16-00.csv"	"1210"	"b5e8f134e98cc0ac68abf994389f24c60c9a3f7269d9fde61a04d1329da39112"
"soc_eis/B05/EIS measurements/Test_1/Hioki/Hk_IFR14500_SoC_90_01-03-2023_15-12.csv"	"1214"	"a8dd835f9dc56f2d65729b6418c8228d089b5a5fe80870d6b50cdfc9a7a32068"
"soc_eis/B05/EIS measurements/Test_1/Hioki/Hk_IFR14500_SoC_95_01-03-2023_14-12.csv"	"1203"	"2d52ec9c7418694ac9a69756c140903383c484f487d0247179e606c68dced77e"
"soc_eis/B05/EIS measurements/Test_2/Hioki/Hk_IFR14500_SoC_10_28-03-2023_03-38.csv"	"1201"	"d9d61ea6d5a4316719953933b603fb25d1b651fe5745e3bf135242d637be8c0f"
"soc_eis/B05/EIS measurements/Test_2/Hioki/Hk_IFR14500_SoC_100_27-03-2023_11-21.csv"	"1189"	"4864110c26506b8b92ef519bfd42a463cdf0bfe9f3f41a3c05d92ccb4c47a54e"
"soc_eis/B05/EIS measurements/Test_2/Hioki/Hk_IFR14500_SoC_15_28-03-2023_02-50.csv"	"1206"	"24d53e0bf34c38852be18934ef284bed45ddb81316b0553fee43c9d55fd0efec"
"soc_eis/B05/EIS measurements/Test_2/Hioki/Hk_IFR14500_SoC_20_28-03-2023_01-50.csv"	"1205"	"1bda37d849087492dfa4383761bc77beb141f71ffd9078265174da2706173a85"
"soc_eis/B05/EIS measurements/Test_2/Hioki/Hk_IFR14500_SoC_25_28-03-2023_01-02.csv"	"1200"	"cc9fea76a4768e77d95a3896e8b18bf469c04237c41f4aa63569a1042a2fe2f4"
"soc_eis/B05/EIS measurements/Test_2/Hioki/Hk_IFR14500_SoC_30_28-03-2023_00-01.csv"	"1200"	"ca580dda3249c7cbfc65483e65cd7f16684c14ac75e0a5b6ced9570e51557c9a"
"soc_eis/B05/EIS measurements/Test_2/Hioki/Hk_IFR14500_SoC_35_27-03-2023_23-13.csv"	"1210"	"b59ecdeb5f646da2885b98df030f0afec81b33e30bb2f5a1d30e6b30abd680d6"
"soc_eis/B05/EIS measurements/Test_2/Hioki/Hk_IFR14500_SoC_40_27-03-2023_22-13.csv"	"1203"	"edb1af0fcf876cc112fe6e005ae7512592c2dd00b50f4d4e401223a22688d9d5"
"soc_eis/B05/EIS measurements/Test_2/Hioki/Hk_IFR14500_SoC_45_27-03-2023_21-25.csv"	"1211"	"0eca99bf9e8fb022f5594bf00496002f78e4e738b08894815a323f5fb8aec2de"
"soc_eis/B05/EIS measurements/Test_2/Hioki/Hk_IFR14500_SoC_5_28-03-2023_04-39.csv"	"1199"	"8339bc4364b06296e3392178f549dfc6d4741b59a818ff1d11a7c02399e3400c"
"soc_eis/B05/EIS measurements/Test_2/Hioki/Hk_IFR14500_SoC_50_27-03-2023_20-24.csv"	"1207"	"46cd62fbdb4b2ed9f43853a93600223a79a98f1338b1c4f061d9d77cb9315780"
"soc_eis/B05/EIS measurements/Test_2/Hioki/Hk_IFR14500_SoC_55_27-03-2023_19-36.csv"	"1207"	"125bdb2a1501abdb414e97db3bc3916dbd3087d62bb25f7da48d44ceb26e4de6"
"soc_eis/B05/EIS measurements/Test_2/Hioki/Hk_IFR14500_SoC_60_27-03-2023_18-35.csv"	"1207"	"2a4901e37b896c742c02dbadbde2acae3674d2df9c743a6e543f9bea7cecef3b"
"soc_eis/B05/EIS measurements/Test_2/Hioki/Hk_IFR14500_SoC_65_27-03-2023_17-47.csv"	"1205"	"92a0f38d4e990dccc7d5ac9f64909b34e855bb6fb3cafa44dfff6c6dc9e8cfd2"
"soc_eis/B05/EIS measurements/Test_2/Hioki/Hk_IFR14500_SoC_70_27-03-2023_16-47.csv"	"1208"	"afd14094eccc8c92617994c970a0f35fc01e86da4765f0fca73cfbc2e7c972a6"
"soc_eis/B05/EIS measurements/Test_2/Hioki/Hk_IFR14500_SoC_75_27-03-2023_15-59.csv"	"1205"	"4e5caa0d08b81e82b5fb3d395f591c2347b81f66ef7bbcf16f078ff58e889e27"
"soc_eis/B05/EIS measurements/Test_2/Hioki/Hk_IFR14500_SoC_80_27-03-2023_14-58.csv"	"1210"	"6f014daabf25250751cd938d1e77142ada639ee794194eee04166b7a5a4b3a2b"
"soc_eis/B05/EIS measurements/Test_2/Hioki/Hk_IFR14500_SoC_85_27-03-2023_14-10.csv"	"1200"	"4d4f51a2c99d052aa65075f5e4e7012106eec2070f67d2ef81135c1b0811e17a"
"soc_eis/B05/EIS measurements/Test_2/Hioki/Hk_IFR14500_SoC_90_27-03-2023_13-09.csv"	"1210"	"9cba71718ceec8bc0f6d577d11604613d38e995863ff52eaa5888dedd86cfc20"
"soc_eis/B05/EIS measurements/Test_2/Hioki/Hk_IFR14500_SoC_95_27-03-2023_12-21.csv"	"1215"	"049c5af531e07d0b72750f88beb6708f3caa50468972c3c3a7147db6012e5746"
"soc_eis/B06/Capacity measurements/2023-2-22-9-13-58-EBD-A20H-1-1_BATT6.csv"	"175734"	"ad23a304cca53096b472d40fa47149972499f4f52ee731e0d34d397ba7b5ba17"
"soc_eis/B06/Capacity measurements/2023-2-22-9-14-27-EBD-A20H_BATT6.bmp"	"1284542"	"f15d6ac444d90ea9f46e0b96dccab14c1877ea9de9c876d8e86bb621606003a0"
"soc_eis/B06/EIS measurements/Test_1/Hioki/Hk_IFR14500_SoC_10_23-03-2023_03-17.csv"	"1202"	"6c73e58f6d4df99d1d854aeb9a4cef13bbc83783cbca403e80be7b66c7012dfd"
"soc_eis/B06/EIS measurements/Test_1/Hioki/Hk_IFR14500_SoC_100_22-03-2023_10-59.csv"	"1192"	"8edb3d4608b485435353e7f5ebbf7a563f3a671e2bb244863a99741f31d65c79"
"soc_eis/B06/EIS measurements/Test_1/Hioki/Hk_IFR14500_SoC_15_23-03-2023_02-29.csv"	"1199"	"780693b776e9e3586b1af23056ee8da0def4d328174c7c3215bb0dc85e404d06"
"soc_eis/B06/EIS measurements/Test_1/Hioki/Hk_IFR14500_SoC_20_23-03-2023_01-28.csv"	"1202"	"21d0162b01e4329957457020fe9ab506b443175362c2585bfbed73423a6a4348"
"soc_eis/B06/EIS measurements/Test_1/Hioki/Hk_IFR14500_SoC_25_23-03-2023_00-40.csv"	"1203"	"9fd5872649a4d693d2e94a4cf3fc2ac8ae7f57de70ff3ee53dcdc3022bd178b0"
"soc_eis/B06/EIS measurements/Test_1/Hioki/Hk_IFR14500_SoC_30_22-03-2023_23-40.csv"	"1201"	"44cdae2c9fd56aa6ec901c4b8a304543a5dd9862013e77efc04cc49ca3b2cd74"
"soc_eis/B06/EIS measurements/Test_1/Hioki/Hk_IFR14500_SoC_35_22-03-2023_22-52.csv"	"1203"	"77d73309df3c8708af184be097ec20f168bc81dff9157b1e20ba100a7e4a8ff8"
"soc_eis/B06/EIS measurements/Test_1/Hioki/Hk_IFR14500_SoC_40_22-03-2023_21-51.csv"	"1206"	"a34eb6ae51bc18897c6fd9751f01ba1e0325cfa25341622b092958a4d6aaa66e"
"soc_eis/B06/EIS measurements/Test_1/Hioki/Hk_IFR14500_SoC_45_22-03-2023_21-03.csv"	"1208"	"66362cb626ed355f07a286723650b3db8543b28bcd25ae4274767a556977d42f"
"soc_eis/B06/EIS measurements/Test_1/Hioki/Hk_IFR14500_SoC_5_23-03-2023_04-18.csv"	"1188"	"200463c79866b312c1cc085a8426a476755e5ad7b1cb67008483edc897bd0e80"
"soc_eis/B06/EIS measurements/Test_1/Hioki/Hk_IFR14500_SoC_50_22-03-2023_20-03.csv"	"1204"	"baa52ee4e6a5d3ec26f8dccc65aa26f587dc3ad95985e5a70d8df7570bfd7553"
"soc_eis/B06/EIS measurements/Test_1/Hioki/Hk_IFR14500_SoC_55_22-03-2023_19-15.csv"	"1203"	"f51c4f5af4b508cc82b5004d6976f001d55b6032c0dfd8478dfb5a9d3fb431e1"
"soc_eis/B06/EIS measurements/Test_1/Hioki/Hk_IFR14500_SoC_60_22-03-2023_18-14.csv"	"1210"	"1c4bb9cfa14e5382f62bd12970a245ec2bd42e182d2ad23406d006583b28472b"
"soc_eis/B06/EIS measurements/Test_1/Hioki/Hk_IFR14500_SoC_65_22-03-2023_17-26.csv"	"1209"	"fa7a324406096e42876707f9c0eac85f8b6341afbd2f6ff71fd1622845a4af9f"
"soc_eis/B06/EIS measurements/Test_1/Hioki/Hk_IFR14500_SoC_70_22-03-2023_16-25.csv"	"1207"	"90cc0d29eab0f8685ea6a714a5f366f4c39778fb76e92ea1fadaad35ddf17a0f"
"soc_eis/B06/EIS measurements/Test_1/Hioki/Hk_IFR14500_SoC_75_22-03-2023_15-37.csv"	"1207"	"d540eff297c4a9ea2d9a947410f3fd2b6878c2ade5987f49d9393030ee522b9e"
"soc_eis/B06/EIS measurements/Test_1/Hioki/Hk_IFR14500_SoC_80_22-03-2023_14-36.csv"	"1206"	"27c42ae0c572a4e5e2c07883f19197bb976e9ea00950f515dd18cdc4486aae56"
"soc_eis/B06/EIS measurements/Test_1/Hioki/Hk_IFR14500_SoC_85_22-03-2023_13-48.csv"	"1208"	"ae2cf7fd2494ec37b13175134c74ee45ca93103753131be4f9c03630127ed95c"
"soc_eis/B06/EIS measurements/Test_1/Hioki/Hk_IFR14500_SoC_90_22-03-2023_12-48.csv"	"1206"	"c211d850239f1ad7cf544353b3b5c9905d4b6a2c5abed89ddeb4279d44014256"
"soc_eis/B06/EIS measurements/Test_1/Hioki/Hk_IFR14500_SoC_95_22-03-2023_12-00.csv"	"1206"	"8fdc1b5748754d4c7ec31cc9f3379873cb6e9dee7505dd4dc06a11cf65efc94f"
"soc_eis/B06/EIS measurements/Test_2/Hioki/Hk_IFR14500_SoC_10_29-03-2023_03-25.csv"	"1201"	"7943a7c539f510ee5c7505ca2cbc01228d171f58dc5c4d7442b3a12a5f20f6ba"
"soc_eis/B06/EIS measurements/Test_2/Hioki/Hk_IFR14500_SoC_100_28-03-2023_11-06.csv"	"1207"	"533d9d16f72ab7d06530250d3a413e361ac07260fdd94c104334119f0368ca5b"
"soc_eis/B06/EIS measurements/Test_2/Hioki/Hk_IFR14500_SoC_15_29-03-2023_02-37.csv"	"1199"	"5ed044fe6bae2239e9b8a0924e07a62d4ea4ab6f3744c0304d3c946dd5bcc248"
"soc_eis/B06/EIS measurements/Test_2/Hioki/Hk_IFR14500_SoC_20_29-03-2023_01-36.csv"	"1206"	"8e1ff5bbfc01b2a977c32db14927e74fb3a2985e6ccfbfaa4a6542be7f090731"
"soc_eis/B06/EIS measurements/Test_2/Hioki/Hk_IFR14500_SoC_25_29-03-2023_00-48.csv"	"1204"	"7b7ec3771fa4dc7cbd04e9be4bc6f35bafdeaae4d312d43c795b6362abd81f36"
"soc_eis/B06/EIS measurements/Test_2/Hioki/Hk_IFR14500_SoC_30_28-03-2023_23-47.csv"	"1206"	"7773701ac08ae71800df9fa49029334ec3afc70f6048e419a48e215d11712aa5"
"soc_eis/B06/EIS measurements/Test_2/Hioki/Hk_IFR14500_SoC_35_28-03-2023_22-59.csv"	"1207"	"b542ae034211db40428dcf9176581043d0cb72e882dbc032d5736a18965e2bae"
"soc_eis/B06/EIS measurements/Test_2/Hioki/Hk_IFR14500_SoC_40_28-03-2023_21-59.csv"	"1206"	"e750b2d182afb00540a503fb15b8a844d2403420a104588eeb36b9357f7ab542"
"soc_eis/B06/EIS measurements/Test_2/Hioki/Hk_IFR14500_SoC_45_28-03-2023_21-11.csv"	"1207"	"12c755184d3a8eb86005740beabee9d728e3be91ed32de5db3d71bc2977a40fe"
"soc_eis/B06/EIS measurements/Test_2/Hioki/Hk_IFR14500_SoC_5_29-03-2023_04-25.csv"	"1202"	"81c509cfd511b21d2a642dc55fa1029eea22ae5572539378ab523330093b0f51"
"soc_eis/B06/EIS measurements/Test_2/Hioki/Hk_IFR14500_SoC_50_28-03-2023_20-10.csv"	"1204"	"42dbe16e5f5fa360202c0989f28511a898433142089039a60f236825059b9069"
"soc_eis/B06/EIS measurements/Test_2/Hioki/Hk_IFR14500_SoC_55_28-03-2023_19-22.csv"	"1199"	"9997bfd5015c6662295dd3964d0b710e26a63a2260fd1e2e711a0eff4db031aa"
"soc_eis/B06/EIS measurements/Test_2/Hioki/Hk_IFR14500_SoC_60_28-03-2023_18-21.csv"	"1208"	"b8e8ab9540915eed3e375c443c244f07292e022908cc0cd5313c367a8a80d109"
"soc_eis/B06/EIS measurements/Test_2/Hioki/Hk_IFR14500_SoC_65_28-03-2023_17-33.csv"	"1207"	"75330596952504a0ad007a8c971db2e96245f2568708c6947a944a5f41234b72"
"soc_eis/B06/EIS measurements/Test_2/Hioki/Hk_IFR14500_SoC_70_28-03-2023_16-32.csv"	"1199"	"2e046afb27d35f5d38b27b1ad7ae8d12b8479e957df945810dfff0ede50da3bb"
"soc_eis/B06/EIS measurements/Test_2/Hioki/Hk_IFR14500_SoC_75_28-03-2023_15-44.csv"	"1208"	"4e177a8c65d8341afca048efa2542b5f3976b148f4b1224e817d637e80f43252"
"soc_eis/B06/EIS measurements/Test_2/Hioki/Hk_IFR14500_SoC_80_28-03-2023_14-44.csv"	"1205"	"2968ff0e4fee955824a2d56dd4cac030ef83de17ae8e49687f29fb6d69b2dd5a"
"soc_eis/B06/EIS measurements/Test_2/Hioki/Hk_IFR14500_SoC_85_28-03-2023_13-56.csv"	"1210"	"ea222e8e0b1fc6af1f137fade9a48d827e73ffc6111c7de745045a3101463651"
"soc_eis/B06/EIS measurements/Test_2/Hioki/Hk_IFR14500_SoC_90_28-03-2023_12-55.csv"	"1201"	"6d900f93b8d100c411ba6f822a0d54838ca0ed5d09e2f837a9c1fa35236d8ff7"
"soc_eis/B06/EIS measurements/Test_2/Hioki/Hk_IFR14500_SoC_95_28-03-2023_12-07.csv"	"1210"	"ac377dd71e0bb6a8112d94d892cb9ca59e070ca72f063aafca7fde732d0d926e"
"soc_eis/B07/Capacity measurements/2023-3-3-9-7-21-EBD-A20H_BATT7.bmp"	"1284542"	"8d32e4e70d2b2184069666b663d49b3b8c31f979d01a8739d7db30f4727857c0"
"soc_eis/B07/Capacity measurements/2023-3-3-9-7-5-EBD-A20H-1-1_BATT7.csv"	"176652"	"d4aff6e24fab4569dc3024c0a318fd4e1b8f80815e5442fa166eb04d4b47097c"
"soc_eis/B07/EIS measurements/Test_1/Hioki/Hk_IFR14500_SoC_10_04-03-2023_09-56.csv"	"1203"	"190a64136ad150b3a6d5d1851b52fe0478c402cc42cf92eb9aea6dbaf084912e"
"soc_eis/B07/EIS measurements/Test_1/Hioki/Hk_IFR14500_SoC_100_03-03-2023_17-38.csv"	"1203"	"6210ba1f8277914d1847bf5f7dd6f45409e82fe412e87f1fab24e25562132c7e"
"soc_eis/B07/EIS measurements/Test_1/Hioki/Hk_IFR14500_SoC_15_04-03-2023_09-08.csv"	"1206"	"f75cc2bdc9f6fec84f0ec4b7571596c4099c9c1ecad4eb08532bf44558ce2da9"
"soc_eis/B07/EIS measurements/Test_1/Hioki/Hk_IFR14500_SoC_20_04-03-2023_08-07.csv"	"1200"	"4ae6662e4d3d7e0c94a4d17b7a39ee7f86ced26ce1ba156e021c8e6fbe1327b0"
"soc_eis/B07/EIS measurements/Test_1/Hioki/Hk_IFR14500_SoC_25_04-03-2023_07-19.csv"	"1208"	"f7ba264c81f9023bbf98bf4bd0913f760d87ecca2c4873d933c3dcfd734a4088"
"soc_eis/B07/EIS measurements/Test_1/Hioki/Hk_IFR14500_SoC_30_04-03-2023_06-18.csv"	"1203"	"cb9fd7494b24469638ee2c446af0729b2373bdf025d96c28245afbad2f410d1a"
"soc_eis/B07/EIS measurements/Test_1/Hioki/Hk_IFR14500_SoC_35_04-03-2023_05-30.csv"	"1208"	"0c644cba17d666b2d74c69db9f2615bad8bdbdb236bc03589f6b378b6f4b6226"
"soc_eis/B07/EIS measurements/Test_1/Hioki/Hk_IFR14500_SoC_40_04-03-2023_04-30.csv"	"1199"	"890c31e7887d3d173eb091c1cd73c3b61300532ee9097c72162977967a14c78b"
"soc_eis/B07/EIS measurements/Test_1/Hioki/Hk_IFR14500_SoC_45_04-03-2023_03-42.csv"	"1209"	"58bc8d98034c108c13f8c5d49cd83be0883e29f35854af91e07cac1b8c014b4e"
"soc_eis/B07/EIS measurements/Test_1/Hioki/Hk_IFR14500_SoC_5_04-03-2023_10-56.csv"	"1195"	"ea8c600134d5c837ee4486d16a6b68c89c24d348d00916e402c00f4ee112af15"
"soc_eis/B07/EIS measurements/Test_1/Hioki/Hk_IFR14500_SoC_50_04-03-2023_02-41.csv"	"1206"	"1099516d1769a601ba1a989b5df77aac350d2950e59376121138b6958a6b12b0"
"soc_eis/B07/EIS measurements/Test_1/Hioki/Hk_IFR14500_SoC_55_04-03-2023_01-53.csv"	"1208"	"4b953e33139d17d673728ff276e4689c604c36e901f69b7bada07199632d5a25"
"soc_eis/B07/EIS measurements/Test_1/Hioki/Hk_IFR14500_SoC_60_04-03-2023_00-52.csv"	"1201"	"463b61a5666d143883c53b8ad52b07c3f52bae721a1d009bd1db8699685c158c"
"soc_eis/B07/EIS measurements/Test_1/Hioki/Hk_IFR14500_SoC_65_04-03-2023_00-04.csv"	"1207"	"32f022a02c84fe15fe36185ecf7a3495c1091d21f56d756789d245f264827873"
"soc_eis/B07/EIS measurements/Test_1/Hioki/Hk_IFR14500_SoC_70_03-03-2023_23-04.csv"	"1206"	"e7abea6f41c784b144883232cc9ebd58b656719a7b02784e71b7cf8cee4bf71d"
"soc_eis/B07/EIS measurements/Test_1/Hioki/Hk_IFR14500_SoC_75_03-03-2023_22-16.csv"	"1210"	"cadcc5c4c9703e7affbb5374d28b0c2d561166592e1c275300efb6d5d3d128b0"
"soc_eis/B07/EIS measurements/Test_1/Hioki/Hk_IFR14500_SoC_80_03-03-2023_21-15.csv"	"1206"	"7c5d93aea11fb255f02ff7717764a50d6fb3133bbf460e86ed5e66ca59b8f2bb"
"soc_eis/B07/EIS measurements/Test_1/Hioki/Hk_IFR14500_SoC_85_03-03-2023_20-27.csv"	"1199"	"316fca3d7f5dfbc6062cd4cf423df223fe0dc65b91fa59f4465d82121903d340"
"soc_eis/B07/EIS measurements/Test_1/Hioki/Hk_IFR14500_SoC_90_03-03-2023_19-27.csv"	"1204"	"bb943a40b495efc2e73a75ca95ef5650dfd96131bd36f71c3ec060c308010dd4"
"soc_eis/B07/EIS measurements/Test_1/Hioki/Hk_IFR14500_SoC_95_03-03-2023_18-39.csv"	"1210"	"527c5cc257ff5bd3286e6a5345eaa846f46359d60019e521dd3ad5ac42475762"
"soc_eis/B07/EIS measurements/Test_2/Hioki/Hk_IFR14500_SoC_10_30-03-2023_04-14.csv"	"1209"	"d720d6be0798008c308a0b4d6a3610082ed7b1d416544303f26e1440b3b84762"
"soc_eis/B07/EIS measurements/Test_2/Hioki/Hk_IFR14500_SoC_100_29-03-2023_11-56.csv"	"1211"	"2028f2f486426057afbc9bff86cb1d40a69f627b9a4ad16c3f86e22a1248d1b7"
"soc_eis/B07/EIS measurements/Test_2/Hioki/Hk_IFR14500_SoC_15_30-03-2023_03-26.csv"	"1198"	"fb6b447bbffa776436c8d483efed88dd0d36ca0949e8f98066752ef2434320af"
"soc_eis/B07/EIS measurements/Test_2/Hioki/Hk_IFR14500_SoC_20_30-03-2023_02-26.csv"	"1199"	"1039e3cbd162d2f97e5f0ebf272be70c69c45b9083dde9d897644a7d0a63f7af"
"soc_eis/B07/EIS measurements/Test_2/Hioki/Hk_IFR14500_SoC_25_30-03-2023_01-38.csv"	"1208"	"ff5f8b76a5466912030ff927ea42f7771db8a030d7272ab1a0342ff0583b7f22"
"soc_eis/B07/EIS measurements/Test_2/Hioki/Hk_IFR14500_SoC_30_30-03-2023_00-37.csv"	"1200"	"d029a1a0f2cbcc5244698e39e3ec357f107aa999625e385e156607db9de68970"
"soc_eis/B07/EIS measurements/Test_2/Hioki/Hk_IFR14500_SoC_35_29-03-2023_23-49.csv"	"1211"	"53c8062fa117737da43d65c25d1ff0e6325bdfde404d12f144edd7081b58141c"
"soc_eis/B07/EIS measurements/Test_2/Hioki/Hk_IFR14500_SoC_40_29-03-2023_22-48.csv"	"1206"	"ad255b47940cc946c7cde922959dde08816fe610b4d3f2533829b3d306a7cfb2"
"soc_eis/B07/EIS measurements/Test_2/Hioki/Hk_IFR14500_SoC_45_29-03-2023_22-00.csv"	"1209"	"09db432fee8192ed4217f776a59206e6c18185e61b0b99c531f2e103f3d671a3"
"soc_eis/B07/EIS measurements/Test_2/Hioki/Hk_IFR14500_SoC_5_30-03-2023_05-15.csv"	"1198"	"c51605e4257da1636ff525de4d8659d3733eced3c9c3762212bfde588aed028a"
"soc_eis/B07/EIS measurements/Test_2/Hioki/Hk_IFR14500_SoC_50_29-03-2023_21-00.csv"	"1205"	"2040abb3b365e6aa82e1e5cd3e7fc03ad3b696c137ebf54d7b7a903ca4a5817b"
"soc_eis/B07/EIS measurements/Test_2/Hioki/Hk_IFR14500_SoC_55_29-03-2023_20-12.csv"	"1210"	"2a8878ed5985c8aef0eb802a055e0044375721f79b17c535a711b089ac6385c9"
"soc_eis/B07/EIS measurements/Test_2/Hioki/Hk_IFR14500_SoC_60_29-03-2023_19-11.csv"	"1207"	"9c1f5bfbd703f3147418e1ba5e90ccc400ad52c650aa00c28153f54620c218e3"
"soc_eis/B07/EIS measurements/Test_2/Hioki/Hk_IFR14500_SoC_65_29-03-2023_18-23.csv"	"1209"	"c34b260a1f36d218f772598205ad6c029aa994b43f381396dfc7164704e38e46"
"soc_eis/B07/EIS measurements/Test_2/Hioki/Hk_IFR14500_SoC_70_29-03-2023_17-22.csv"	"1205"	"3e6cc5ec64ad2d3fe4cf6898f4d415575186195eb884d049081e3721a527a627"
"soc_eis/B07/EIS measurements/Test_2/Hioki/Hk_IFR14500_SoC_75_29-03-2023_16-34.csv"	"1211"	"89bc1eed6108f8ea8304503e2c8e240156757b575b4ac9ed1eed6baaa9e87b1f"
"soc_eis/B07/EIS measurements/Test_2/Hioki/Hk_IFR14500_SoC_80_29-03-2023_15-34.csv"	"1205"	"c58fc873f94f2d6f4d6911087c70b72932406f53adad8f4852e89dffd4ade394"
"soc_eis/B07/EIS measurements/Test_2/Hioki/Hk_IFR14500_SoC_85_29-03-2023_14-46.csv"	"1205"	"37d0283d9d787ee26516935b66ae36196850f40d4a9a81753a1d0dd4d68d5081"
"soc_eis/B07/EIS measurements/Test_2/Hioki/Hk_IFR14500_SoC_90_29-03-2023_13-45.csv"	"1199"	"737bf0acbba1f921ece3498fac52ffbacde780b1b7539e7f65e577fa0eead17e"
"soc_eis/B07/EIS measurements/Test_2/Hioki/Hk_IFR14500_SoC_95_29-03-2023_12-57.csv"	"1213"	"ff853469bff2740913fdda5e2abd88aeb257951b5b134cdc8be28a9f70e4d8ed"
"soc_eis/B08/Capacity measurements/2023-3-3-15-40-4-EBD-A20H-1-1_BATT8.csv"	"178776"	"ff9cf2aea5cd88dd4df4cc6ce93f130fd860f193c4528fe7c64aa8b3e3b9d461"
"soc_eis/B08/EIS measurements/Test_1/Hioki/Hk_IFR14500_SoC_10_24-03-2023_03-13.csv"	"1201"	"65a27d6f00f531c621d21d37176b09f3756e613d701197f72a74382f4695ceca"
"soc_eis/B08/EIS measurements/Test_1/Hioki/Hk_IFR14500_SoC_100_23-03-2023_10-54.csv"	"1204"	"0f46ad482ea4e539df00a193607d0a7f5bafa36b1c9c1aa0b87050838a9e0ac1"
"soc_eis/B08/EIS measurements/Test_1/Hioki/Hk_IFR14500_SoC_15_24-03-2023_02-25.csv"	"1196"	"09bfac959162d8ab2b66169ffcee8be6d2b3b3877fc868aa4eaa96da83f60db8"
"soc_eis/B08/EIS measurements/Test_1/Hioki/Hk_IFR14500_SoC_20_24-03-2023_01-24.csv"	"1203"	"46653f128e63447d5143f6c5b32131db72fefd7d151adc5334c19257ff7a0f72"
"soc_eis/B08/EIS measurements/Test_1/Hioki/Hk_IFR14500_SoC_25_24-03-2023_00-36.csv"	"1200"	"1856cb9f9074e365b027409d2b38f8576371fba64195b5bde44e918ed96bb92f"
"soc_eis/B08/EIS measurements/Test_1/Hioki/Hk_IFR14500_SoC_30_23-03-2023_23-35.csv"	"1206"	"a0e4d7ca8f177693820a37cc694e8b8bb9e41fc167a4a221fc7f0c685d077823"
"soc_eis/B08/EIS measurements/Test_1/Hioki/Hk_IFR14500_SoC_35_23-03-2023_22-47.csv"	"1206"	"1fe6a29a179c16ad46d11915043374c51757c133ac6d93c9a2a7ecf6c9a8d98e"
"soc_eis/B08/EIS measurements/Test_1/Hioki/Hk_IFR14500_SoC_40_23-03-2023_21-47.csv"	"1206"	"7d3768cd423a583847249488e766dcd6f42f98c691b45fa9a923105da195b214"
"soc_eis/B08/EIS measurements/Test_1/Hioki/Hk_IFR14500_SoC_45_23-03-2023_20-59.csv"	"1200"	"e644011610e4fada6f036eb8ac2277b3bb4c71f540e3d601c903c3a8941bfa49"
"soc_eis/B08/EIS measurements/Test_1/Hioki/Hk_IFR14500_SoC_5_24-03-2023_04-13.csv"	"1197"	"706fd6f23a21cf54ea7f959e9a9cb2933ebad18c8f3c5eb6fab82ef1c769f777"
"soc_eis/B08/EIS measurements/Test_1/Hioki/Hk_IFR14500_SoC_50_23-03-2023_19-58.csv"	"1207"	"8953407f896d9c11c62a19d899c2a40c1696a2c2762bada89211155c36950806"
"soc_eis/B08/EIS measurements/Test_1/Hioki/Hk_IFR14500_SoC_55_23-03-2023_19-10.csv"	"1203"	"b3ea5a17c667a900b8ce964cc2897c49096b2aea0433642851b44d166ffac914"
"soc_eis/B08/EIS measurements/Test_1/Hioki/Hk_IFR14500_SoC_60_23-03-2023_18-09.csv"	"1209"	"9944a6f75d8ac32a68e6e8dfb42f98b68176a1b9ca473393f0d74b5c7e0e9c06"
"soc_eis/B08/EIS measurements/Test_1/Hioki/Hk_IFR14500_SoC_65_23-03-2023_17-21.csv"	"1207"	"157b53b0a855d4e753e29801ee0bb6855b01bf9fc97546b40f18c8c4e585a01a"
"soc_eis/B08/EIS measurements/Test_1/Hioki/Hk_IFR14500_SoC_70_23-03-2023_16-21.csv"	"1209"	"cb3f97797f1335e01b75fbc0c6ed30ed1da3a5c158f73ad34366a9edbace1365"
"soc_eis/B08/EIS measurements/Test_1/Hioki/Hk_IFR14500_SoC_75_23-03-2023_15-32.csv"	"1208"	"a0bd51cc1f0cd3d30c3384451338f56dc8bd4f4102cb69338c0f1f560eaa70e3"
"soc_eis/B08/EIS measurements/Test_1/Hioki/Hk_IFR14500_SoC_80_23-03-2023_14-32.csv"	"1205"	"9abc7b8a6d867cd2e5efc0ec488c770ff00d1408097ac753bd2e4dd733d97298"
"soc_eis/B08/EIS measurements/Test_1/Hioki/Hk_IFR14500_SoC_85_23-03-2023_13-44.csv"	"1209"	"0694d682a81c53b849c0c31fb48ee6a74726bfc3a585a7d7d3a8c56213dde7f6"
"soc_eis/B08/EIS measurements/Test_1/Hioki/Hk_IFR14500_SoC_90_23-03-2023_12-43.csv"	"1201"	"1ea4bc9c97c5caa62d6258b2617599ae782015104d11cda0f83aac0119f7145c"
"soc_eis/B08/EIS measurements/Test_1/Hioki/Hk_IFR14500_SoC_95_23-03-2023_11-55.csv"	"1203"	"7d2e89b7c1c42958d6bb523a771b2d0cfcef36613d5b55f09812992b93b1ff1c"
"soc_eis/B08/EIS measurements/Test_2/Hioki/Hk_IFR14500_SoC_10_31-03-2023_03-09.csv"	"1200"	"2cbe4f22219a8249656d2e6d1efe32dbaf2841fd5371c325987bb1d8a89a1aa4"
"soc_eis/B08/EIS measurements/Test_2/Hioki/Hk_IFR14500_SoC_100_30-03-2023_10-51.csv"	"1202"	"3af324ab4ad1fdbc62e7e6e20a3a6715cabea7a2e0bfb5ec3aa2b5f70c79d385"
"soc_eis/B08/EIS measurements/Test_2/Hioki/Hk_IFR14500_SoC_15_31-03-2023_02-21.csv"	"1203"	"d810c9bea2b11d3859bc7579329926fd0869e71b8d769dd5ec92670c950036b7"
"soc_eis/B08/EIS measurements/Test_2/Hioki/Hk_IFR14500_SoC_20_31-03-2023_01-20.csv"	"1203"	"e4aff023370ee93a7c19cd180556f327ad8fbabf9cf0c56043e40efc6d859edc"
"soc_eis/B08/EIS measurements/Test_2/Hioki/Hk_IFR14500_SoC_25_31-03-2023_00-32.csv"	"1203"	"ae048910bca5465bd9405bb30a711e20deae527cff3793208b8465bd37c86735"
"soc_eis/B08/EIS measurements/Test_2/Hioki/Hk_IFR14500_SoC_30_30-03-2023_23-32.csv"	"1203"	"81da296abbf416f5f6dc55da921bd7905a239df398c4d0df15a7e14bc04ff36a"
"soc_eis/B08/EIS measurements/Test_2/Hioki/Hk_IFR14500_SoC_35_30-03-2023_22-44.csv"	"1205"	"a70c2608bf6bb59ad9ee516ef695e427910dce5098aaef2a555f259921f00cdc"
"soc_eis/B08/EIS measurements/Test_2/Hioki/Hk_IFR14500_SoC_40_30-03-2023_21-43.csv"	"1206"	"55abdf181bad70cedf5ffb0d81245d811ef35283df598e374d0f77fa8a017c5c"
"soc_eis/B08/EIS measurements/Test_2/Hioki/Hk_IFR14500_SoC_45_30-03-2023_20-55.csv"	"1203"	"58145efe03057bf1ec9cb2e99aca32f57fd13503ea3de32195311df797bde0aa"
"soc_eis/B08/EIS measurements/Test_2/Hioki/Hk_IFR14500_SoC_5_31-03-2023_04-10.csv"	"1197"	"658e56af0a43095dfa67fe1ff65ccd0952404525c7871b6ac9702c36858f19e0"
"soc_eis/B08/EIS measurements/Test_2/Hioki/Hk_IFR14500_SoC_50_30-03-2023_19-54.csv"	"1203"	"bb0c698ce374aeb93650fca7035662f6dc02fc92a07d986d3dbdfc6a4553031d"
"soc_eis/B08/EIS measurements/Test_2/Hioki/Hk_IFR14500_SoC_55_30-03-2023_19-06.csv"	"1211"	"a14d4dd10524f8112e1b3953a2c43716c6d9b60fd3332e068ad86ef40371de99"
"soc_eis/B08/EIS measurements/Test_2/Hioki/Hk_IFR14500_SoC_60_30-03-2023_18-06.csv"	"1204"	"73904097b963c7b47e6e2c4418175ef03430acfd73712f0a2b90bbfdecd81682"
"soc_eis/B08/EIS measurements/Test_2/Hioki/Hk_IFR14500_SoC_65_30-03-2023_17-18.csv"	"1197"	"29176fb3e41f880506048a9f568a395ad7e354635c696fcabd9e4f783811bf18"
"soc_eis/B08/EIS measurements/Test_2/Hioki/Hk_IFR14500_SoC_70_30-03-2023_16-17.csv"	"1208"	"6feb52ed6e63e4b1d91e4d29d7a2267f5977e472f15bcf4ae12497e394e15994"
"soc_eis/B08/EIS measurements/Test_2/Hioki/Hk_IFR14500_SoC_75_30-03-2023_15-29.csv"	"1211"	"7d26161d8679eae81603835572594e608ff903ecdf4319c7560c9adf57b659a4"
"soc_eis/B08/EIS measurements/Test_2/Hioki/Hk_IFR14500_SoC_80_30-03-2023_14-28.csv"	"1206"	"10b6abc04cf3e49b6ae4f645a99c54e8bc23f967d97d8091af770200126777e3"
"soc_eis/B08/EIS measurements/Test_2/Hioki/Hk_IFR14500_SoC_85_30-03-2023_13-40.csv"	"1204"	"19729f706336bec7f89e6fd4c44c3fcd73d811b8b334f6e1b0ca74c280803ab3"
"soc_eis/B08/EIS measurements/Test_2/Hioki/Hk_IFR14500_SoC_90_30-03-2023_12-40.csv"	"1215"	"21bc116b17711a54efbc6225887a056c155badc5c1ebe5bdee7c4b5ac62a595e"
"soc_eis/B08/EIS measurements/Test_2/Hioki/Hk_IFR14500_SoC_95_30-03-2023_11-52.csv"	"1211"	"1dfb6be2e99bb5cb2b770f83a0064bec0b1ba080977f04c3269e2e6ebc6fe5e4"
"soc_eis/B09/Capacity measurements/2023-3-6-15-26-51-EBD-A20H_BATT9.bmp"	"1284542"	"1dd633140b66ded3871bb783a6488b534902a9e794c7a3fb17d3f52f5d6a9215"
"soc_eis/B09/Capacity measurements/2023-3-6-15-27-18-EBD-A20H-1-1_BATT9.csv"	"177192"	"8d1fc790104708ce947f3d57ff65028770aa356a4161b7af18bfd877c48bc93d"
"soc_eis/B09/EIS measurements/Test_1/Hioki/Hk_IFR14500_SoC_10_11-03-2023_03-46.csv"	"1204"	"612d6c33d1c845951c63b1bf838238f6ed592e38728e51bfd4595199ca272c23"
"soc_eis/B09/EIS measurements/Test_1/Hioki/Hk_IFR14500_SoC_100_10-03-2023_11-28.csv"	"1203"	"222c0464a90e1aa6cda509e8cdecdffb6e56f72c8b5f689c5ee0f697eea97659"
"soc_eis/B09/EIS measurements/Test_1/Hioki/Hk_IFR14500_SoC_15_11-03-2023_02-58.csv"	"1208"	"0c3a66be89d360e4031912efe1a7b754e1ad7af012bbad1694ef2db2dbac36cd"
"soc_eis/B09/EIS measurements/Test_1/Hioki/Hk_IFR14500_SoC_20_11-03-2023_01-58.csv"	"1201"	"40ed565f80d7dd1402b149660cfdabe6c32fb285c8f2026eae5318069efb0a41"
"soc_eis/B09/EIS measurements/Test_1/Hioki/Hk_IFR14500_SoC_25_11-03-2023_01-10.csv"	"1198"	"37966911c63440c600a423a16258c1d4f6dc7c12b3fae5d16bed326613e2bac9"
"soc_eis/B09/EIS measurements/Test_1/Hioki/Hk_IFR14500_SoC_30_11-03-2023_00-09.csv"	"1208"	"86bbb23446dfc70e61ea9b3f38a0eb3401553d026eb3f855d7ed5da4f462fa30"
"soc_eis/B09/EIS measurements/Test_1/Hioki/Hk_IFR14500_SoC_35_10-03-2023_23-21.csv"	"1209"	"3fd708ada00597a4b8fdf6e7e08725d5650d8193760e6b8053899da15b9f2053"
"soc_eis/B09/EIS measurements/Test_1/Hioki/Hk_IFR14500_SoC_40_10-03-2023_22-20.csv"	"1206"	"08193ab23e0a388e0fb671ab23e5036afd52c61239147c052995a42f8a237762"
"soc_eis/B09/EIS measurements/Test_1/Hioki/Hk_IFR14500_SoC_45_10-03-2023_21-32.csv"	"1206"	"bced0754ff694392c971c6cfd05c98094506d3b40abca7f3f1b9f18fe750f84c"
"soc_eis/B09/EIS measurements/Test_1/Hioki/Hk_IFR14500_SoC_5_11-03-2023_04-47.csv"	"1197"	"f2f0cae40ed153f6c7fb00ef6480b94f56ef6b6d11383764980358952ed793a3"
"soc_eis/B09/EIS measurements/Test_1/Hioki/Hk_IFR14500_SoC_50_10-03-2023_20-32.csv"	"1201"	"d8953246e3c2c2dd088e8a71db6f9cb77300f2bdf6cc5c7781ea5d12b39c6f3e"
"soc_eis/B09/EIS measurements/Test_1/Hioki/Hk_IFR14500_SoC_55_10-03-2023_19-44.csv"	"1205"	"98c4bdb8aa8bb4cc0857af03196e78b4b5d1229041f406af713c56272f82ca14"
"soc_eis/B09/EIS measurements/Test_1/Hioki/Hk_IFR14500_SoC_60_10-03-2023_18-43.csv"	"1204"	"6e9ee82ee7fbd669fdcf76929bc6472fa7d29bfc8e6694bb72c1ea1199c360ff"
"soc_eis/B09/EIS measurements/Test_1/Hioki/Hk_IFR14500_SoC_65_10-03-2023_17-55.csv"	"1205"	"b6fca8da215eca4fd79b17ef190d57b823a2c2a6e382998968fa2ee4094f390f"
"soc_eis/B09/EIS measurements/Test_1/Hioki/Hk_IFR14500_SoC_70_10-03-2023_16-54.csv"	"1205"	"8727e352d518cfbfea9e6887066786da97abace9b8dad3127defb6df3c0abb30"
"soc_eis/B09/EIS measurements/Test_1/Hioki/Hk_IFR14500_SoC_75_10-03-2023_16-06.csv"	"1206"	"048f51f0d4f164a04b8cd5f088fe7d8f331145776261c7220b071ef99876c563"
"soc_eis/B09/EIS measurements/Test_1/Hioki/Hk_IFR14500_SoC_80_10-03-2023_15-06.csv"	"1205"	"94df3970efb18502524382a323397f88102d08f123b2e2913606a7dffe232954"
"soc_eis/B09/EIS measurements/Test_1/Hioki/Hk_IFR14500_SoC_85_10-03-2023_14-18.csv"	"1212"	"2410e7d1a731988359f24ca345decb1c9eefaabb6cc4920b2251f536410f6f93"
"soc_eis/B09/EIS measurements/Test_1/Hioki/Hk_IFR14500_SoC_90_10-03-2023_13-17.csv"	"1204"	"92b67a0b9a42cf09ba6554c692acde4a18ce0ec5aeebca3b1da5f7d2b223031e"
"soc_eis/B09/EIS measurements/Test_1/Hioki/Hk_IFR14500_SoC_95_10-03-2023_12-29.csv"	"1208"	"cc3369beb54c4d27abf0af464a6df734cd5977ec0038ad3cdb6f244b9d931700"
"soc_eis/B09/EIS measurements/Test_2/Hioki/Hk_IFR14500_SoC_10_01-04-2023_04-29.csv"	"1203"	"aa77aee389bccffb863d0f7c91edada838a1c5e4f496d8a07c0a035a171358ff"
"soc_eis/B09/EIS measurements/Test_2/Hioki/Hk_IFR14500_SoC_100_31-03-2023_12-11.csv"	"1205"	"9f9443463004d5721dd757e57093d43d3bc6b8222ce5da5608d44206e7d596c8"
"soc_eis/B09/EIS measurements/Test_2/Hioki/Hk_IFR14500_SoC_15_01-04-2023_03-41.csv"	"1202"	"7c3a8129e4e53b3536ec41881b6e18c2f6b77a6fd7ad6c33e40eac8afb1b0b38"
"soc_eis/B09/EIS measurements/Test_2/Hioki/Hk_IFR14500_SoC_20_01-04-2023_02-40.csv"	"1201"	"d671dbc34f953071c80b0213bc88b01231ca3ccd1102a8889725fa8dddcf6395"
"soc_eis/B09/EIS measurements/Test_2/Hioki/Hk_IFR14500_SoC_25_01-04-2023_01-52.csv"	"1207"	"c5478997faf31d635009c71e8892cbad6caddd7cf503201a43fe613bb739920c"
"soc_eis/B09/EIS measurements/Test_2/Hioki/Hk_IFR14500_SoC_30_01-04-2023_00-52.csv"	"1209"	"edb912e6a2a78f65a1f5d10cc8d4021e899d2740ba261cb8e8d1a0bce77a577b"
"soc_eis/B09/EIS measurements/Test_2/Hioki/Hk_IFR14500_SoC_35_01-04-2023_00-04.csv"	"1205"	"b0e129ebddafac877fd9d2962e38ec8ec5e59695ccc793ec7b48f869efc7274d"
"soc_eis/B09/EIS measurements/Test_2/Hioki/Hk_IFR14500_SoC_40_31-03-2023_23-03.csv"	"1200"	"1f15e1d5d9a3c019d0d62605788978db77ee538e1d4cff2f94db0cb493196f6a"
"soc_eis/B09/EIS measurements/Test_2/Hioki/Hk_IFR14500_SoC_45_31-03-2023_22-15.csv"	"1207"	"92d72cce594708b21b887dbd896b6218c64dcede776c06b600a14dcfa6638340"
"soc_eis/B09/EIS measurements/Test_2/Hioki/Hk_IFR14500_SoC_5_01-04-2023_05-30.csv"	"1201"	"e02b65e2320c95cd88619c40f06724144255829e7fa5033d086b98f73aca4c45"
"soc_eis/B09/EIS measurements/Test_2/Hioki/Hk_IFR14500_SoC_50_31-03-2023_21-15.csv"	"1208"	"4667355703541b08ee777072ac0adeaaad4d3042fc1bb07ab7a367cc13cce589"
"soc_eis/B09/EIS measurements/Test_2/Hioki/Hk_IFR14500_SoC_55_31-03-2023_20-27.csv"	"1206"	"fa94b2fb8493c2be86ad20455c3de3e9894935ea2f2e88c9d7321d79974cf653"
"soc_eis/B09/EIS measurements/Test_2/Hioki/Hk_IFR14500_SoC_60_31-03-2023_19-26.csv"	"1209"	"30766c51b7216891acfec802b8f508cc5d82502dea893fd7a7413b20f54ddc3d"
"soc_eis/B09/EIS measurements/Test_2/Hioki/Hk_IFR14500_SoC_65_31-03-2023_18-38.csv"	"1206"	"e84115fdff2cd6813998f3351c27b818fa478fe1010e92b03cbe313c9924db45"
"soc_eis/B09/EIS measurements/Test_2/Hioki/Hk_IFR14500_SoC_70_31-03-2023_17-37.csv"	"1209"	"3a48e8c6b5a9e6f99fb96da052876e3670a78354c6b6272cfeb5acb299528277"
"soc_eis/B09/EIS measurements/Test_2/Hioki/Hk_IFR14500_SoC_75_31-03-2023_16-49.csv"	"1203"	"547d0da34d5cfd0be56656f6b0568bc2f5d0d17337f94b2ea03f6207bc43a32f"
"soc_eis/B09/EIS measurements/Test_2/Hioki/Hk_IFR14500_SoC_80_31-03-2023_15-49.csv"	"1202"	"f3c6d7c5e08f58d8968eb6fd1d3a2df02fde221e892b1dbcb0a1fc5941fd99e4"
"soc_eis/B09/EIS measurements/Test_2/Hioki/Hk_IFR14500_SoC_85_31-03-2023_15-01.csv"	"1207"	"bd8a51328d5b67fb171c5567858149702b2f471ee7a9d1339f771790d2589b4c"
"soc_eis/B09/EIS measurements/Test_2/Hioki/Hk_IFR14500_SoC_90_31-03-2023_14-00.csv"	"1204"	"938058abb3cc4477d19d66527d3e71cf0f145ba55da0ddd4410cf9f84393f815"
"soc_eis/B09/EIS measurements/Test_2/Hioki/Hk_IFR14500_SoC_95_31-03-2023_13-12.csv"	"1201"	"c2acba4c6c6e81c12c5b1fdda4141092c308761ea699797a1a3608fde95ba077"
"soc_eis/B10/Capacity measurements/2023-3-7-9-2-57-EBD-A20H-1-1_BATT10.csv"	"175266"	"f54b26c9b050fba5b44b29595f45dad6ce682de8ff36ea8fbfeca0539585b291"
"soc_eis/B10/Capacity measurements/2023-3-7-9-3-17-EBD-A20H_BATT10.bmp"	"1284542"	"b7f0a5aee63e9bf832105a9a127121e4a28a1dbc0b6a80c79411bd842eac1875"
"soc_eis/B10/EIS measurements/Test_1/Hioki/Hk_IFR14500_SoC_10_16-03-2023_02-20.csv"	"1202"	"79482adfe73554a16e9ed9c2b80bdc95a586db07cc474a289d685fafabea570e"
"soc_eis/B10/EIS measurements/Test_1/Hioki/Hk_IFR14500_SoC_100_15-03-2023_10-02.csv"	"1192"	"2a68f3191101cd30ed2fcca63ab61de1604c4af8d2c7c26f9c6333a566420331"
"soc_eis/B10/EIS measurements/Test_1/Hioki/Hk_IFR14500_SoC_15_16-03-2023_01-32.csv"	"1201"	"6dc8fcc6cbee4505fe9e6b95f32a06bb309c4d4d76d886af541ea76fc43c7bcc"
"soc_eis/B10/EIS measurements/Test_1/Hioki/Hk_IFR14500_SoC_20_16-03-2023_00-31.csv"	"1205"	"5b080648fb0c488e7d407c3bbf48ecb2dfa29ddbc8f265bdc9a926ed1f067045"
"soc_eis/B10/EIS measurements/Test_1/Hioki/Hk_IFR14500_SoC_25_15-03-2023_23-43.csv"	"1197"	"8d70a200953634965ea42b531358828a4339025fbc33f4349cdad7a92b7621e5"
"soc_eis/B10/EIS measurements/Test_1/Hioki/Hk_IFR14500_SoC_30_15-03-2023_22-43.csv"	"1207"	"9fa3ae15643d904f5d4aefddb666afe607a5f5a2e8f4f4ba7f7ca7ca1bf515c3"
"soc_eis/B10/EIS measurements/Test_1/Hioki/Hk_IFR14500_SoC_35_15-03-2023_21-55.csv"	"1202"	"036ff038c83a59c94922611bbc82cecd9d062c7dcc0661a2c4a3b4bf98fbfad9"
"soc_eis/B10/EIS measurements/Test_1/Hioki/Hk_IFR14500_SoC_40_15-03-2023_20-54.csv"	"1208"	"7050094dbaba7e74bb6a6f61ef6eb67826741e8f39c3b5bdca118212cd92b83e"
"soc_eis/B10/EIS measurements/Test_1/Hioki/Hk_IFR14500_SoC_45_15-03-2023_20-06.csv"	"1203"	"f14380245396aa81ed7a3c43073c0b661add0d2c4be066c9bbe95b2b60677300"
"soc_eis/B10/EIS measurements/Test_1/Hioki/Hk_IFR14500_SoC_5_16-03-2023_03-21.csv"	"1200"	"ea576f104520c206eeb2d62eddd240234f9ac87ea3dda5637ad58b5042025af3"
"soc_eis/B10/EIS measurements/Test_1/Hioki/Hk_IFR14500_SoC_50_15-03-2023_19-05.csv"	"1211"	"2153ccfa93b8395b42435558f727df6ce5a85e802816ef560e7c162e1d8832f2"
"soc_eis/B10/EIS measurements/Test_1/Hioki/Hk_IFR14500_SoC_55_15-03-2023_18-17.csv"	"1206"	"173363a22c45e81ff6a81964ed0b896567a1fa58d06a2438ba48501c79fab004"
"soc_eis/B10/EIS measurements/Test_1/Hioki/Hk_IFR14500_SoC_60_15-03-2023_17-17.csv"	"1205"	"d37d0eef43f47e1fc7cfdff3442335032fd0cadf80ed4592e9e397d584922374"
"soc_eis/B10/EIS measurements/Test_1/Hioki/Hk_IFR14500_SoC_65_15-03-2023_16-29.csv"	"1206"	"83a3085038920a07578bcb8590b86d4f3243bc7922e0bdfbc0d24a9e22e33a93"
"soc_eis/B10/EIS measurements/Test_1/Hioki/Hk_IFR14500_SoC_70_15-03-2023_15-28.csv"	"1211"	"e297aad105ac104e40ee3c526e31120e2d16e3494866606717f5d87899466eea"
"soc_eis/B10/EIS measurements/Test_1/Hioki/Hk_IFR14500_SoC_75_15-03-2023_14-40.csv"	"1209"	"5a35a5469041e04859c927e1afed7be6b9630a8d15789f66c2e8a7783b1e40cb"
"soc_eis/B10/EIS measurements/Test_1/Hioki/Hk_IFR14500_SoC_80_15-03-2023_13-39.csv"	"1203"	"95d194b8abb1d100f06ebc5a3119b2f4061499c9975b82bd7db34ec52956ac1d"
"soc_eis/B10/EIS measurements/Test_1/Hioki/Hk_IFR14500_SoC_85_15-03-2023_12-51.csv"	"1212"	"5a7f729f0b514f04d9cd7b206be3f17b655940ad64f922dd9a6ba0a13b939acd"
"soc_eis/B10/EIS measurements/Test_1/Hioki/Hk_IFR14500_SoC_90_15-03-2023_11-51.csv"	"1205"	"ea141831b164c6e266fa170991772ef085daca4a93b4830d11105b6ecd5eea51"
"soc_eis/B10/EIS measurements/Test_1/Hioki/Hk_IFR14500_SoC_95_15-03-2023_11-03.csv"	"1204"	"4dc80e19275eb413e4045bc133566532b2384f55f1b43c092b71c2273539cba0"
"soc_eis/B10/EIS measurements/Test_2/Hioki/Hk_IFR14500_SoC_10_19-04-2023_06-15.csv"	"1200"	"7579c0e027c1d7dfaa25706b7328d022d23bb06ae6fa34c020d2415ad98eb285"
"soc_eis/B10/EIS measurements/Test_2/Hioki/Hk_IFR14500_SoC_100_18-04-2023_13-57.csv"	"1198"	"963ded25945c48622b87fb809e9fc00773c8966534d78239423f68d14e72d7dd"
"soc_eis/B10/EIS measurements/Test_2/Hioki/Hk_IFR14500_SoC_15_19-04-2023_05-27.csv"	"1208"	"136bb757d5e67459deab0d4fb85c05ffb15b52b5e70d30f29894ab0e73a58302"
"soc_eis/B10/EIS measurements/Test_2/Hioki/Hk_IFR14500_SoC_20_19-04-2023_04-27.csv"	"1189"	"45ee9c8313a96b4364f11a0131226c32475c0e6b4260f32804fa9ac2fa4268c0"
"soc_eis/B10/EIS measurements/Test_2/Hioki/Hk_IFR14500_SoC_25_19-04-2023_03-39.csv"	"1199"	"da3a39fbf5f636de3e7df34a8b3fdfdef255e893d6868ef13d987a578cfb9948"
"soc_eis/B10/EIS measurements/Test_2/Hioki/Hk_IFR14500_SoC_30_19-04-2023_02-38.csv"	"1209"	"8b836a0faef9757cc52f0e08ccc636ee6476d143ec8ed8f77ccc9954c3b5e4a7"
"soc_eis/B10/EIS measurements/Test_2/Hioki/Hk_IFR14500_SoC_35_19-04-2023_01-50.csv"	"1209"	"9fbba4a2150bf556c5627d3b3a4e6aa20f9c3c69296a06df9f010f81cc07d962"
"soc_eis/B10/EIS measurements/Test_2/Hioki/Hk_IFR14500_SoC_40_19-04-2023_00-49.csv"	"1205"	"0f1fa523ed256346cb7aae9b3d39a79983acdebe2739719c54252339108a9e33"
"soc_eis/B10/EIS measurements/Test_2/Hioki/Hk_IFR14500_SoC_45_19-04-2023_00-01.csv"	"1206"	"f77d7d3d1c1d8fd5970aa31df3b1b67c41186a93960a1a78257da82ed1dc7636"
"soc_eis/B10/EIS measurements/Test_2/Hioki/Hk_IFR14500_SoC_5_19-04-2023_07-16.csv"	"1200"	"dbec1be5918d9592076b6f27fec5d3e62001382005c6198aea22f5a7626fe77c"
"soc_eis/B10/EIS measurements/Test_2/Hioki/Hk_IFR14500_SoC_50_18-04-2023_23-01.csv"	"1208"	"9b484c2e1063a6e90663b8163a0d8236cfaa7a37ecdfc19dd40d49e60146b621"
"soc_eis/B10/EIS measurements/Test_2/Hioki/Hk_IFR14500_SoC_55_18-04-2023_22-13.csv"	"1200"	"256be1e91e938b62e43af04df49e401b70b9e4d9929282653b246b8eedab8382"
"soc_eis/B10/EIS measurements/Test_2/Hioki/Hk_IFR14500_SoC_60_18-04-2023_21-12.csv"	"1211"	"6fecd942cc194480bd6c1ab525ff425a7d6e1036fcace2ab541ab766589f9fa6"
"soc_eis/B10/EIS measurements/Test_2/Hioki/Hk_IFR14500_SoC_65_18-04-2023_20-24.csv"	"1213"	"936783b54a017e0fc97b71ba3b2a4a5d912887f9337e7cf1845d1f4f9cd01618"
"soc_eis/B10/EIS measurements/Test_2/Hioki/Hk_IFR14500_SoC_70_18-04-2023_19-23.csv"	"1209"	"f146aa61cebbaaa537e32bf9b71a5b42a7d5a12507da298cffc1765dbd88e4a1"
"soc_eis/B10/EIS measurements/Test_2/Hioki/Hk_IFR14500_SoC_75_18-04-2023_18-35.csv"	"1211"	"bdb4531a07baae5b29769e23c7ce56de9e9c9dc8ae59ead860bc9a63afede010"
"soc_eis/B10/EIS measurements/Test_2/Hioki/Hk_IFR14500_SoC_80_18-04-2023_17-35.csv"	"1206"	"6e3aa28692fe2d71c3b7a328dd236f2b837e3813fa1425ada9799382f49c7dab"
"soc_eis/B10/EIS measurements/Test_2/Hioki/Hk_IFR14500_SoC_85_18-04-2023_16-47.csv"	"1210"	"b2648e184ad77d5f18d15948a2573bffb2e2aab4d9be6f0f756ac9f3a19883e3"
"soc_eis/B10/EIS measurements/Test_2/Hioki/Hk_IFR14500_SoC_90_18-04-2023_15-46.csv"	"1213"	"774d73de48f098f267326a88cc5adb4f9b9b37269e771e061cdd967d0585469c"
"soc_eis/B10/EIS measurements/Test_2/Hioki/Hk_IFR14500_SoC_95_18-04-2023_14-58.csv"	"1210"	"fc78d5548243a5d815cd7841792daf960762483c8bf0719ae3d00e78b1cf1507"
"soc_eis/B11/Capacity measurements/2023-3-7-16-36-47-EBD-A20H-1-1_BATT11.csv"	"177102"	"55d6ea98c48d54cd949e10ae943ba175ef810204f98d2434e531e2871d982592"
"soc_eis/B11/Capacity measurements/2023-3-7-16-37-15-EBD-A20H_BATT11.bmp"	"1284542"	"098b24a6eaae7bf4bccb00a825b9c8840e30d6e286416d08e9a2ec27ba7ea2e9"
"soc_eis/B11/EIS measurements/Test_1/Hioki/Hk_IFR14500_SoC_10_15-03-2023_02-40.csv"	"1197"	"59490a117ed7e7d835a2f2bd1571e315bc4f2e1b1cbf389e0c63e87b99bf6ac6"
"soc_eis/B11/EIS measurements/Test_1/Hioki/Hk_IFR14500_SoC_100_14-03-2023_10-22.csv"	"1196"	"d58e840483512158fddde40bfa3333e29ea2efebed9c1cece53ed304d8b830d3"
"soc_eis/B11/EIS measurements/Test_1/Hioki/Hk_IFR14500_SoC_100_14-03-2023_10-22.xlsx"	"6211"	"1b4a80d28a9e6ef3c8d7b0323233cb04e543ae09d32fed00138aaf09249b75c8"
"soc_eis/B11/EIS measurements/Test_1/Hioki/Hk_IFR14500_SoC_15_15-03-2023_01-52.csv"	"1205"	"3a6ff5ec4a1e9232211dae326cc7f82061f14a4c511c4c27ab046b0d0dc6a30a"
"soc_eis/B11/EIS measurements/Test_1/Hioki/Hk_IFR14500_SoC_20_15-03-2023_00-51.csv"	"1196"	"e5c3d7cd8e77496782a76975ef56447035448ea5ea5d765782373784de2bd8d6"
"soc_eis/B11/EIS measurements/Test_1/Hioki/Hk_IFR14500_SoC_25_15-03-2023_00-03.csv"	"1201"	"aff6d1e8292ff4b0e9db051855fe2a9ebbd31e8413ae9dfe3225976feec8c618"
"soc_eis/B11/EIS measurements/Test_1/Hioki/Hk_IFR14500_SoC_30_14-03-2023_23-02.csv"	"1199"	"3e34b57fd0929e24d3483ef7ead1a690c32dccacd5d689d0be3e777692118460"
"soc_eis/B11/EIS measurements/Test_1/Hioki/Hk_IFR14500_SoC_35_14-03-2023_22-14.csv"	"1207"	"ce3d1de0e44ccdec54b2b81020199689a08bccf407c6fc3bb565fe231259c9f1"
"soc_eis/B11/EIS measurements/Test_1/Hioki/Hk_IFR14500_SoC_40_14-03-2023_21-14.csv"	"1206"	"15652c2062ffaea480e58e71b4804440e5042b9be355e675fdfbd5b6b13ef75c"
"soc_eis/B11/EIS measurements/Test_1/Hioki/Hk_IFR14500_SoC_45_14-03-2023_20-26.csv"	"1202"	"3815f36bef67fce5d430cd7212a24c470b9c37663f71bd8858ffa0539b3de922"
"soc_eis/B11/EIS measurements/Test_1/Hioki/Hk_IFR14500_SoC_5_15-03-2023_03-40.csv"	"1199"	"e69f069f7a617b1a9089070ebc031b9b55579db1bc87ad6c77faf5559faf2cf5"
"soc_eis/B11/EIS measurements/Test_1/Hioki/Hk_IFR14500_SoC_50_14-03-2023_19-25.csv"	"1205"	"7556a1d1d0b126e5863eea39924e46045f73277808d6f08553998ba9bb033e8b"
"soc_eis/B11/EIS measurements/Test_1/Hioki/Hk_IFR14500_SoC_55_14-03-2023_18-37.csv"	"1204"	"fd61fd6bf0dbd9fd2870afd14d1c09a0e1fb72e410036f5ff43134b60f86b09f"
"soc_eis/B11/EIS measurements/Test_1/Hioki/Hk_IFR14500_SoC_60_14-03-2023_17-36.csv"	"1206"	"260b578d70746f3460fe1b03fc1e7ae6819bf44c6d0d61ccce20f3dc53e5547d"
"soc_eis/B11/EIS measurements/Test_1/Hioki/Hk_IFR14500_SoC_65_14-03-2023_16-48.csv"	"1205"	"6937d4af271d57bfec7ee349a8b5de2256f8e47eac9bc1e135508416aea48e75"
"soc_eis/B11/EIS measurements/Test_1/Hioki/Hk_IFR14500_SoC_70_14-03-2023_15-48.csv"	"1205"	"bd5cd932b0f828e2452f888fa72994d88c27c3aee657f541d5c737072c3e42eb"
"soc_eis/B11/EIS measurements/Test_1/Hioki/Hk_IFR14500_SoC_75_14-03-2023_15-00.csv"	"1200"	"924f00d21a83c08564d582cfda302bf537703088377b15a792f0c60d2a4b8774"
"soc_eis/B11/EIS measurements/Test_1/Hioki/Hk_IFR14500_SoC_80_14-03-2023_13-59.csv"	"1211"	"293ac43bb7846854a1a1de5e9c2599079c34b98a5b215bcef64de71a22e0c0d2"
"soc_eis/B11/EIS measurements/Test_1/Hioki/Hk_IFR14500_SoC_85_14-03-2023_13-11.csv"	"1206"	"c1474f8903600242387a8a619934428373742e52f917864745467a5995ff1aa2"
"soc_eis/B11/EIS measurements/Test_1/Hioki/Hk_IFR14500_SoC_90_14-03-2023_12-11.csv"	"1213"	"98cb3197a37deb6d78bd79d1e792403054d7a201ebc313cdb6a8d9216916efb8"
"soc_eis/B11/EIS measurements/Test_1/Hioki/Hk_IFR14500_SoC_95_14-03-2023_11-23.csv"	"1204"	"d1399f17b09bd677eb60fa00677887bdbe5a2d76bfcd730469424330c654232b"
"soc_eis/B11/EIS measurements/Test_2/Hioki/Hk_IFR14500_SoC_10_27-04-2023_08-31.csv"	"1205"	"b6568cf254823c22704e34a85e966302a4f72721b0869c0a05748dad4ad6bb03"
"soc_eis/B11/EIS measurements/Test_2/Hioki/Hk_IFR14500_SoC_100_26-04-2023_16-13.csv"	"1209"	"3d4008b18776193434e578e51e4fa31ecbd9710f9327491282acac42fcc4dc7d"
"soc_eis/B11/EIS measurements/Test_2/Hioki/Hk_IFR14500_SoC_15_27-04-2023_07-43.csv"	"1203"	"dda03cdbeb6e2c212688778a3da67ec1fe930da3aa904e059eff25609f15ffe1"
"soc_eis/B11/EIS measurements/Test_2/Hioki/Hk_IFR14500_SoC_20_27-04-2023_06-42.csv"	"1210"	"e0f1ce41de3241712f06d4681dae54d34e2855a601b38e7f3db3a19274716511"
"soc_eis/B11/EIS measurements/Test_2/Hioki/Hk_IFR14500_SoC_25_27-04-2023_05-54.csv"	"1208"	"1880100bbdc0bf9e40b12c61484a5cbdcf6e3f060ac40c48cbf5034b7c2c102c"
"soc_eis/B11/EIS measurements/Test_2/Hioki/Hk_IFR14500_SoC_30_27-04-2023_04-54.csv"	"1208"	"bbdbbcc8ff3ef6c10c06fc40879a4b4cadc40d6331d47178e09e4db02fef58ee"
"soc_eis/B11/EIS measurements/Test_2/Hioki/Hk_IFR14500_SoC_35_27-04-2023_04-06.csv"	"1206"	"dfae798311f11cedeeb2ff2204aa22614e443ff8918f1a5f13c04037d15ee53f"
"soc_eis/B11/EIS measurements/Test_2/Hioki/Hk_IFR14500_SoC_40_27-04-2023_03-05.csv"	"1199"	"cc448f1d033b46b8ca04f6f311108b14d33f54debfe2a3f6255ad1a55e185387"
"soc_eis/B11/EIS measurements/Test_2/Hioki/Hk_IFR14500_SoC_45_27-04-2023_02-17.csv"	"1208"	"f0cc01bcdcc530cc159e66c135b0e359fbb4224637f717b416ca7c1208f02d91"
"soc_eis/B11/EIS measurements/Test_2/Hioki/Hk_IFR14500_SoC_5_27-04-2023_09-32.csv"	"1200"	"28068e3c8428238d7d00ca2eb7502ba747985f22d7cf70bc24acc22eb90da9a0"
"soc_eis/B11/EIS measurements/Test_2/Hioki/Hk_IFR14500_SoC_50_27-04-2023_01-16.csv"	"1208"	"0bae7a3737d29ad01b85cc1aa7d39bc8f38703ea02e29d9202580437ce2bc213"
"soc_eis/B11/EIS measurements/Test_2/Hioki/Hk_IFR14500_SoC_55_27-04-2023_00-28.csv"	"1198"	"112a3e955aa510ebca5903eea7b6a70afd026226c64b84ffcfa5c82d13e911cb"
"soc_eis/B11/EIS measurements/Test_2/Hioki/Hk_IFR14500_SoC_60_26-04-2023_23-28.csv"	"1195"	"a91a48c43643a6f398b92bb3dfd10468c3d6f5d216ec4cfb1312111f4d0ff8d9"
"soc_eis/B11/EIS measurements/Test_2/Hioki/Hk_IFR14500_SoC_65_26-04-2023_22-40.csv"	"1202"	"97ed84877f98d28185e9f47ac7095dc566761725549301ceae0b73c5a8a25b50"
"soc_eis/B11/EIS measurements/Test_2/Hioki/Hk_IFR14500_SoC_70_26-04-2023_21-39.csv"	"1202"	"fae413c16f41359b5b6af31c4a1108690511a5d1063ca10b174b12ec0e303fda"
"soc_eis/B11/EIS measurements/Test_2/Hioki/Hk_IFR14500_SoC_75_26-04-2023_20-51.csv"	"1211"	"e8ccf9cc49c362a7a90d2fc93855c004b0716a8fc95f3b250bafab50bdfd6fb1"
"soc_eis/B11/EIS measurements/Test_2/Hioki/Hk_IFR14500_SoC_80_26-04-2023_19-50.csv"	"1208"	"881d4a10e7f0aa5c019719200c0508933d74be49de8df11fa4b4daa22a7489ac"
"soc_eis/B11/EIS measurements/Test_2/Hioki/Hk_IFR14500_SoC_85_26-04-2023_19-02.csv"	"1207"	"66a2bf42c6be360cfec553e8a93b96c822c36c0647632570162ebe1e1825527d"
"soc_eis/B11/EIS measurements/Test_2/Hioki/Hk_IFR14500_SoC_90_26-04-2023_18-02.csv"	"1209"	"f9d7cab3bb461a6e6cd6a79a8905ac3dc4fbd163d1257d08e40827d81738d4fc"
"soc_eis/B11/EIS measurements/Test_2/Hioki/Hk_IFR14500_SoC_95_26-04-2023_17-14.csv"	"1212"	"0643d91676ef005ccab29f5cc54b5fe4d22d2deac04a5bd7f215203b2516fec9"
"soc_eis/README.md"	"1234"	"bdf6e78f90ce14cbad13337babd6492ca63e150ce97c3d5618c71b018c39fd25"
